[0.057s] DEBUG:colcon:Command line arguments: ['/usr/bin/colcon', '--log-base', '.log', 'build', '--symlink-install', '--build-base', '.build', '--install-base', '.install']
[0.057s] DEBUG:colcon:Parsed command line arguments: Namespace(log_base='.log', log_level=None, verb_name='build', build_base='/home/qor/urrc_hanla/.build', install_base='/home/qor/urrc_hanla/.install', merge_install=False, symlink_install=True, test_result_base=None, continue_on_error=False, executor='parallel', parallel_workers=24, event_handlers=None, ignore_user_meta=False, metas=['./colcon.meta'], base_paths=['.'], packages_ignore=None, packages_ignore_regex=None, paths=None, packages_up_to=None, packages_up_to_regex=None, packages_above=None, packages_above_and_dependencies=None, packages_above_depth=None, packages_select_by_dep=None, packages_skip_by_dep=None, packages_skip_up_to=None, packages_select_build_failed=False, packages_skip_build_finished=False, packages_select_test_failures=False, packages_skip_test_passed=False, packages_select=None, packages_skip=None, packages_select_regex=None, packages_skip_regex=None, packages_start=None, packages_end=None, allow_overriding=[], cmake_args=None, cmake_target=None, cmake_target_skip_unavailable=False, cmake_clean_cache=False, cmake_clean_first=False, cmake_force_configure=False, ament_cmake_args=None, catkin_cmake_args=None, catkin_skip_building_tests=False, mixin_files=None, mixin=None, verb_parser=<colcon_mixin.mixin.mixin_argument.MixinArgumentDecorator object at 0x7c0694689ee0>, verb_extension=<colcon_core.verb.build.BuildVerb object at 0x7c0693fec260>, main=<bound method BuildVerb.main of <colcon_core.verb.build.BuildVerb object at 0x7c0693fec260>>, mixin_verb=('build',))
[0.075s] Level 1:colcon.colcon_core.package_discovery:discover_packages(colcon_meta) check parameters
[0.075s] Level 1:colcon.colcon_core.package_discovery:discover_packages(recursive) check parameters
[0.075s] Level 1:colcon.colcon_core.package_discovery:discover_packages(ignore) check parameters
[0.075s] Level 1:colcon.colcon_core.package_discovery:discover_packages(path) check parameters
[0.075s] Level 1:colcon.colcon_core.package_discovery:discover_packages(colcon_meta) discover
[0.075s] Level 1:colcon.colcon_core.package_discovery:discover_packages(recursive) discover
[0.075s] INFO:colcon.colcon_core.package_discovery:Crawling recursively for packages in '/home/qor/urrc_hanla'
[0.075s] Level 1:colcon.colcon_core.package_identification:_identify(.) by extensions ['ignore', 'ignore_ament_install']
[0.075s] Level 1:colcon.colcon_core.package_identification:_identify(.) by extension 'ignore'
[0.075s] Level 1:colcon.colcon_core.package_identification:_identify(.) by extension 'ignore_ament_install'
[0.075s] Level 1:colcon.colcon_core.package_identification:_identify(.) by extensions ['colcon_pkg']
[0.075s] Level 1:colcon.colcon_core.package_identification:_identify(.) by extension 'colcon_pkg'
[0.075s] Level 1:colcon.colcon_core.package_identification:_identify(.) by extensions ['colcon_meta']
[0.075s] Level 1:colcon.colcon_core.package_identification:_identify(.) by extension 'colcon_meta'
[0.075s] Level 1:colcon.colcon_core.package_identification:_identify(.) by extensions ['ros']
[0.075s] Level 1:colcon.colcon_core.package_identification:_identify(.) by extension 'ros'
[0.087s] Level 1:colcon.colcon_core.package_identification:_identify(.) by extensions ['cmake', 'python']
[0.087s] Level 1:colcon.colcon_core.package_identification:_identify(.) by extension 'cmake'
[0.087s] Level 1:colcon.colcon_core.package_identification:_identify(.) by extension 'python'
[0.087s] Level 1:colcon.colcon_core.package_identification:_identify(.) by extensions ['python_setup_py']
[0.087s] Level 1:colcon.colcon_core.package_identification:_identify(.) by extension 'python_setup_py'
[0.087s] Level 1:colcon.colcon_core.package_identification:_identify(race_autonomy) by extensions ['ignore', 'ignore_ament_install']
[0.087s] Level 1:colcon.colcon_core.package_identification:_identify(race_autonomy) by extension 'ignore'
[0.087s] Level 1:colcon.colcon_core.package_identification:_identify(race_autonomy) by extension 'ignore_ament_install'
[0.087s] Level 1:colcon.colcon_core.package_identification:_identify(race_autonomy) by extensions ['colcon_pkg']
[0.087s] Level 1:colcon.colcon_core.package_identification:_identify(race_autonomy) by extension 'colcon_pkg'
[0.087s] Level 1:colcon.colcon_core.package_identification:_identify(race_autonomy) by extensions ['colcon_meta']
[0.087s] Level 1:colcon.colcon_core.package_identification:_identify(race_autonomy) by extension 'colcon_meta'
[0.087s] Level 1:colcon.colcon_core.package_identification:_identify(race_autonomy) by extensions ['ros']
[0.087s] Level 1:colcon.colcon_core.package_identification:_identify(race_autonomy) by extension 'ros'
[0.087s] Level 1:colcon.colcon_core.package_identification:_identify(race_autonomy) by extensions ['cmake', 'python']
[0.087s] Level 1:colcon.colcon_core.package_identification:_identify(race_autonomy) by extension 'cmake'
[0.087s] Level 1:colcon.colcon_core.package_identification:_identify(race_autonomy) by extension 'python'
[0.087s] Level 1:colcon.colcon_core.package_identification:_identify(race_autonomy) by extensions ['python_setup_py']
[0.087s] Level 1:colcon.colcon_core.package_identification:_identify(race_autonomy) by extension 'python_setup_py'
[0.087s] Level 1:colcon.colcon_core.package_identification:_identify(race_autonomy/build) by extensions ['ignore', 'ignore_ament_install']
[0.087s] Level 1:colcon.colcon_core.package_identification:_identify(race_autonomy/build) by extension 'ignore'
[0.087s] Level 1:colcon.colcon_core.package_identification:_identify(race_autonomy/build) ignored
[0.087s] Level 1:colcon.colcon_core.package_identification:_identify(race_autonomy/data) by extensions ['ignore', 'ignore_ament_install']
[0.087s] Level 1:colcon.colcon_core.package_identification:_identify(race_autonomy/data) by extension 'ignore'
[0.087s] Level 1:colcon.colcon_core.package_identification:_identify(race_autonomy/data) by extension 'ignore_ament_install'
[0.087s] Level 1:colcon.colcon_core.package_identification:_identify(race_autonomy/data) by extensions ['colcon_pkg']
[0.087s] Level 1:colcon.colcon_core.package_identification:_identify(race_autonomy/data) by extension 'colcon_pkg'
[0.087s] Level 1:colcon.colcon_core.package_identification:_identify(race_autonomy/data) by extensions ['colcon_meta']
[0.087s] Level 1:colcon.colcon_core.package_identification:_identify(race_autonomy/data) by extension 'colcon_meta'
[0.087s] Level 1:colcon.colcon_core.package_identification:_identify(race_autonomy/data) by extensions ['ros']
[0.087s] Level 1:colcon.colcon_core.package_identification:_identify(race_autonomy/data) by extension 'ros'
[0.087s] Level 1:colcon.colcon_core.package_identification:_identify(race_autonomy/data) by extensions ['cmake', 'python']
[0.087s] Level 1:colcon.colcon_core.package_identification:_identify(race_autonomy/data) by extension 'cmake'
[0.087s] Level 1:colcon.colcon_core.package_identification:_identify(race_autonomy/data) by extension 'python'
[0.087s] Level 1:colcon.colcon_core.package_identification:_identify(race_autonomy/data) by extensions ['python_setup_py']
[0.087s] Level 1:colcon.colcon_core.package_identification:_identify(race_autonomy/data) by extension 'python_setup_py'
[0.088s] Level 1:colcon.colcon_core.package_identification:_identify(race_autonomy/data/calibration) by extensions ['ignore', 'ignore_ament_install']
[0.088s] Level 1:colcon.colcon_core.package_identification:_identify(race_autonomy/data/calibration) by extension 'ignore'
[0.088s] Level 1:colcon.colcon_core.package_identification:_identify(race_autonomy/data/calibration) by extension 'ignore_ament_install'
[0.088s] Level 1:colcon.colcon_core.package_identification:_identify(race_autonomy/data/calibration) by extensions ['colcon_pkg']
[0.088s] Level 1:colcon.colcon_core.package_identification:_identify(race_autonomy/data/calibration) by extension 'colcon_pkg'
[0.088s] Level 1:colcon.colcon_core.package_identification:_identify(race_autonomy/data/calibration) by extensions ['colcon_meta']
[0.088s] Level 1:colcon.colcon_core.package_identification:_identify(race_autonomy/data/calibration) by extension 'colcon_meta'
[0.088s] Level 1:colcon.colcon_core.package_identification:_identify(race_autonomy/data/calibration) by extensions ['ros']
[0.088s] Level 1:colcon.colcon_core.package_identification:_identify(race_autonomy/data/calibration) by extension 'ros'
[0.088s] Level 1:colcon.colcon_core.package_identification:_identify(race_autonomy/data/calibration) by extensions ['cmake', 'python']
[0.088s] Level 1:colcon.colcon_core.package_identification:_identify(race_autonomy/data/calibration) by extension 'cmake'
[0.088s] Level 1:colcon.colcon_core.package_identification:_identify(race_autonomy/data/calibration) by extension 'python'
[0.088s] Level 1:colcon.colcon_core.package_identification:_identify(race_autonomy/data/calibration) by extensions ['python_setup_py']
[0.088s] Level 1:colcon.colcon_core.package_identification:_identify(race_autonomy/data/calibration) by extension 'python_setup_py'
[0.088s] Level 1:colcon.colcon_core.package_identification:_identify(race_autonomy/data/raw) by extensions ['ignore', 'ignore_ament_install']
[0.088s] Level 1:colcon.colcon_core.package_identification:_identify(race_autonomy/data/raw) by extension 'ignore'
[0.088s] Level 1:colcon.colcon_core.package_identification:_identify(race_autonomy/data/raw) by extension 'ignore_ament_install'
[0.088s] Level 1:colcon.colcon_core.package_identification:_identify(race_autonomy/data/raw) by extensions ['colcon_pkg']
[0.088s] Level 1:colcon.colcon_core.package_identification:_identify(race_autonomy/data/raw) by extension 'colcon_pkg'
[0.088s] Level 1:colcon.colcon_core.package_identification:_identify(race_autonomy/data/raw) by extensions ['colcon_meta']
[0.088s] Level 1:colcon.colcon_core.package_identification:_identify(race_autonomy/data/raw) by extension 'colcon_meta'
[0.088s] Level 1:colcon.colcon_core.package_identification:_identify(race_autonomy/data/raw) by extensions ['ros']
[0.088s] Level 1:colcon.colcon_core.package_identification:_identify(race_autonomy/data/raw) by extension 'ros'
[0.088s] Level 1:colcon.colcon_core.package_identification:_identify(race_autonomy/data/raw) by extensions ['cmake', 'python']
[0.088s] Level 1:colcon.colcon_core.package_identification:_identify(race_autonomy/data/raw) by extension 'cmake'
[0.088s] Level 1:colcon.colcon_core.package_identification:_identify(race_autonomy/data/raw) by extension 'python'
[0.088s] Level 1:colcon.colcon_core.package_identification:_identify(race_autonomy/data/raw) by extensions ['python_setup_py']
[0.088s] Level 1:colcon.colcon_core.package_identification:_identify(race_autonomy/data/raw) by extension 'python_setup_py'
[0.088s] Level 1:colcon.colcon_core.package_identification:_identify(race_autonomy/data/recordings) by extensions ['ignore', 'ignore_ament_install']
[0.088s] Level 1:colcon.colcon_core.package_identification:_identify(race_autonomy/data/recordings) by extension 'ignore'
[0.088s] Level 1:colcon.colcon_core.package_identification:_identify(race_autonomy/data/recordings) by extension 'ignore_ament_install'
[0.088s] Level 1:colcon.colcon_core.package_identification:_identify(race_autonomy/data/recordings) by extensions ['colcon_pkg']
[0.088s] Level 1:colcon.colcon_core.package_identification:_identify(race_autonomy/data/recordings) by extension 'colcon_pkg'
[0.088s] Level 1:colcon.colcon_core.package_identification:_identify(race_autonomy/data/recordings) by extensions ['colcon_meta']
[0.088s] Level 1:colcon.colcon_core.package_identification:_identify(race_autonomy/data/recordings) by extension 'colcon_meta'
[0.088s] Level 1:colcon.colcon_core.package_identification:_identify(race_autonomy/data/recordings) by extensions ['ros']
[0.088s] Level 1:colcon.colcon_core.package_identification:_identify(race_autonomy/data/recordings) by extension 'ros'
[0.088s] Level 1:colcon.colcon_core.package_identification:_identify(race_autonomy/data/recordings) by extensions ['cmake', 'python']
[0.088s] Level 1:colcon.colcon_core.package_identification:_identify(race_autonomy/data/recordings) by extension 'cmake'
[0.088s] Level 1:colcon.colcon_core.package_identification:_identify(race_autonomy/data/recordings) by extension 'python'
[0.088s] Level 1:colcon.colcon_core.package_identification:_identify(race_autonomy/data/recordings) by extensions ['python_setup_py']
[0.088s] Level 1:colcon.colcon_core.package_identification:_identify(race_autonomy/data/recordings) by extension 'python_setup_py'
[0.088s] Level 1:colcon.colcon_core.package_identification:_identify(race_autonomy/data/samples) by extensions ['ignore', 'ignore_ament_install']
[0.088s] Level 1:colcon.colcon_core.package_identification:_identify(race_autonomy/data/samples) by extension 'ignore'
[0.088s] Level 1:colcon.colcon_core.package_identification:_identify(race_autonomy/data/samples) by extension 'ignore_ament_install'
[0.088s] Level 1:colcon.colcon_core.package_identification:_identify(race_autonomy/data/samples) by extensions ['colcon_pkg']
[0.088s] Level 1:colcon.colcon_core.package_identification:_identify(race_autonomy/data/samples) by extension 'colcon_pkg'
[0.088s] Level 1:colcon.colcon_core.package_identification:_identify(race_autonomy/data/samples) by extensions ['colcon_meta']
[0.088s] Level 1:colcon.colcon_core.package_identification:_identify(race_autonomy/data/samples) by extension 'colcon_meta'
[0.088s] Level 1:colcon.colcon_core.package_identification:_identify(race_autonomy/data/samples) by extensions ['ros']
[0.088s] Level 1:colcon.colcon_core.package_identification:_identify(race_autonomy/data/samples) by extension 'ros'
[0.088s] Level 1:colcon.colcon_core.package_identification:_identify(race_autonomy/data/samples) by extensions ['cmake', 'python']
[0.088s] Level 1:colcon.colcon_core.package_identification:_identify(race_autonomy/data/samples) by extension 'cmake'
[0.088s] Level 1:colcon.colcon_core.package_identification:_identify(race_autonomy/data/samples) by extension 'python'
[0.088s] Level 1:colcon.colcon_core.package_identification:_identify(race_autonomy/data/samples) by extensions ['python_setup_py']
[0.088s] Level 1:colcon.colcon_core.package_identification:_identify(race_autonomy/data/samples) by extension 'python_setup_py'
[0.088s] Level 1:colcon.colcon_core.package_identification:_identify(race_autonomy/docs) by extensions ['ignore', 'ignore_ament_install']
[0.089s] Level 1:colcon.colcon_core.package_identification:_identify(race_autonomy/docs) by extension 'ignore'
[0.089s] Level 1:colcon.colcon_core.package_identification:_identify(race_autonomy/docs) by extension 'ignore_ament_install'
[0.089s] Level 1:colcon.colcon_core.package_identification:_identify(race_autonomy/docs) by extensions ['colcon_pkg']
[0.089s] Level 1:colcon.colcon_core.package_identification:_identify(race_autonomy/docs) by extension 'colcon_pkg'
[0.089s] Level 1:colcon.colcon_core.package_identification:_identify(race_autonomy/docs) by extensions ['colcon_meta']
[0.089s] Level 1:colcon.colcon_core.package_identification:_identify(race_autonomy/docs) by extension 'colcon_meta'
[0.089s] Level 1:colcon.colcon_core.package_identification:_identify(race_autonomy/docs) by extensions ['ros']
[0.089s] Level 1:colcon.colcon_core.package_identification:_identify(race_autonomy/docs) by extension 'ros'
[0.089s] Level 1:colcon.colcon_core.package_identification:_identify(race_autonomy/docs) by extensions ['cmake', 'python']
[0.089s] Level 1:colcon.colcon_core.package_identification:_identify(race_autonomy/docs) by extension 'cmake'
[0.089s] Level 1:colcon.colcon_core.package_identification:_identify(race_autonomy/docs) by extension 'python'
[0.089s] Level 1:colcon.colcon_core.package_identification:_identify(race_autonomy/docs) by extensions ['python_setup_py']
[0.089s] Level 1:colcon.colcon_core.package_identification:_identify(race_autonomy/docs) by extension 'python_setup_py'
[0.089s] Level 1:colcon.colcon_core.package_identification:_identify(race_autonomy/install) by extensions ['ignore', 'ignore_ament_install']
[0.089s] Level 1:colcon.colcon_core.package_identification:_identify(race_autonomy/install) by extension 'ignore'
[0.089s] Level 1:colcon.colcon_core.package_identification:_identify(race_autonomy/install) ignored
[0.089s] Level 1:colcon.colcon_core.package_identification:_identify(race_autonomy/log) by extensions ['ignore', 'ignore_ament_install']
[0.089s] Level 1:colcon.colcon_core.package_identification:_identify(race_autonomy/log) by extension 'ignore'
[0.089s] Level 1:colcon.colcon_core.package_identification:_identify(race_autonomy/log) ignored
[0.089s] Level 1:colcon.colcon_core.package_identification:_identify(race_autonomy/models) by extensions ['ignore', 'ignore_ament_install']
[0.089s] Level 1:colcon.colcon_core.package_identification:_identify(race_autonomy/models) by extension 'ignore'
[0.089s] Level 1:colcon.colcon_core.package_identification:_identify(race_autonomy/models) by extension 'ignore_ament_install'
[0.089s] Level 1:colcon.colcon_core.package_identification:_identify(race_autonomy/models) by extensions ['colcon_pkg']
[0.089s] Level 1:colcon.colcon_core.package_identification:_identify(race_autonomy/models) by extension 'colcon_pkg'
[0.089s] Level 1:colcon.colcon_core.package_identification:_identify(race_autonomy/models) by extensions ['colcon_meta']
[0.089s] Level 1:colcon.colcon_core.package_identification:_identify(race_autonomy/models) by extension 'colcon_meta'
[0.089s] Level 1:colcon.colcon_core.package_identification:_identify(race_autonomy/models) by extensions ['ros']
[0.089s] Level 1:colcon.colcon_core.package_identification:_identify(race_autonomy/models) by extension 'ros'
[0.089s] Level 1:colcon.colcon_core.package_identification:_identify(race_autonomy/models) by extensions ['cmake', 'python']
[0.089s] Level 1:colcon.colcon_core.package_identification:_identify(race_autonomy/models) by extension 'cmake'
[0.089s] Level 1:colcon.colcon_core.package_identification:_identify(race_autonomy/models) by extension 'python'
[0.089s] Level 1:colcon.colcon_core.package_identification:_identify(race_autonomy/models) by extensions ['python_setup_py']
[0.089s] Level 1:colcon.colcon_core.package_identification:_identify(race_autonomy/models) by extension 'python_setup_py'
[0.089s] Level 1:colcon.colcon_core.package_identification:_identify(race_autonomy/models/yolo) by extensions ['ignore', 'ignore_ament_install']
[0.089s] Level 1:colcon.colcon_core.package_identification:_identify(race_autonomy/models/yolo) by extension 'ignore'
[0.089s] Level 1:colcon.colcon_core.package_identification:_identify(race_autonomy/models/yolo) by extension 'ignore_ament_install'
[0.089s] Level 1:colcon.colcon_core.package_identification:_identify(race_autonomy/models/yolo) by extensions ['colcon_pkg']
[0.089s] Level 1:colcon.colcon_core.package_identification:_identify(race_autonomy/models/yolo) by extension 'colcon_pkg'
[0.089s] Level 1:colcon.colcon_core.package_identification:_identify(race_autonomy/models/yolo) by extensions ['colcon_meta']
[0.089s] Level 1:colcon.colcon_core.package_identification:_identify(race_autonomy/models/yolo) by extension 'colcon_meta'
[0.089s] Level 1:colcon.colcon_core.package_identification:_identify(race_autonomy/models/yolo) by extensions ['ros']
[0.089s] Level 1:colcon.colcon_core.package_identification:_identify(race_autonomy/models/yolo) by extension 'ros'
[0.089s] Level 1:colcon.colcon_core.package_identification:_identify(race_autonomy/models/yolo) by extensions ['cmake', 'python']
[0.089s] Level 1:colcon.colcon_core.package_identification:_identify(race_autonomy/models/yolo) by extension 'cmake'
[0.089s] Level 1:colcon.colcon_core.package_identification:_identify(race_autonomy/models/yolo) by extension 'python'
[0.089s] Level 1:colcon.colcon_core.package_identification:_identify(race_autonomy/models/yolo) by extensions ['python_setup_py']
[0.089s] Level 1:colcon.colcon_core.package_identification:_identify(race_autonomy/models/yolo) by extension 'python_setup_py'
[0.089s] Level 1:colcon.colcon_core.package_identification:_identify(race_autonomy/ros2_ws) by extensions ['ignore', 'ignore_ament_install']
[0.089s] Level 1:colcon.colcon_core.package_identification:_identify(race_autonomy/ros2_ws) by extension 'ignore'
[0.089s] Level 1:colcon.colcon_core.package_identification:_identify(race_autonomy/ros2_ws) by extension 'ignore_ament_install'
[0.089s] Level 1:colcon.colcon_core.package_identification:_identify(race_autonomy/ros2_ws) by extensions ['colcon_pkg']
[0.089s] Level 1:colcon.colcon_core.package_identification:_identify(race_autonomy/ros2_ws) by extension 'colcon_pkg'
[0.089s] Level 1:colcon.colcon_core.package_identification:_identify(race_autonomy/ros2_ws) by extensions ['colcon_meta']
[0.089s] Level 1:colcon.colcon_core.package_identification:_identify(race_autonomy/ros2_ws) by extension 'colcon_meta'
[0.089s] Level 1:colcon.colcon_core.package_identification:_identify(race_autonomy/ros2_ws) by extensions ['ros']
[0.089s] Level 1:colcon.colcon_core.package_identification:_identify(race_autonomy/ros2_ws) by extension 'ros'
[0.090s] Level 1:colcon.colcon_core.package_identification:_identify(race_autonomy/ros2_ws) by extensions ['cmake', 'python']
[0.090s] Level 1:colcon.colcon_core.package_identification:_identify(race_autonomy/ros2_ws) by extension 'cmake'
[0.090s] Level 1:colcon.colcon_core.package_identification:_identify(race_autonomy/ros2_ws) by extension 'python'
[0.090s] Level 1:colcon.colcon_core.package_identification:_identify(race_autonomy/ros2_ws) by extensions ['python_setup_py']
[0.090s] Level 1:colcon.colcon_core.package_identification:_identify(race_autonomy/ros2_ws) by extension 'python_setup_py'
[0.090s] Level 1:colcon.colcon_core.package_identification:_identify(race_autonomy/ros2_ws/build) by extensions ['ignore', 'ignore_ament_install']
[0.090s] Level 1:colcon.colcon_core.package_identification:_identify(race_autonomy/ros2_ws/build) by extension 'ignore'
[0.090s] Level 1:colcon.colcon_core.package_identification:_identify(race_autonomy/ros2_ws/build) ignored
[0.090s] Level 1:colcon.colcon_core.package_identification:_identify(race_autonomy/ros2_ws/install) by extensions ['ignore', 'ignore_ament_install']
[0.090s] Level 1:colcon.colcon_core.package_identification:_identify(race_autonomy/ros2_ws/install) by extension 'ignore'
[0.090s] Level 1:colcon.colcon_core.package_identification:_identify(race_autonomy/ros2_ws/install) ignored
[0.090s] Level 1:colcon.colcon_core.package_identification:_identify(race_autonomy/ros2_ws/log) by extensions ['ignore', 'ignore_ament_install']
[0.090s] Level 1:colcon.colcon_core.package_identification:_identify(race_autonomy/ros2_ws/log) by extension 'ignore'
[0.090s] Level 1:colcon.colcon_core.package_identification:_identify(race_autonomy/ros2_ws/log) ignored
[0.090s] Level 1:colcon.colcon_core.package_identification:_identify(race_autonomy/ros2_ws/src) by extensions ['ignore', 'ignore_ament_install']
[0.090s] Level 1:colcon.colcon_core.package_identification:_identify(race_autonomy/ros2_ws/src) by extension 'ignore'
[0.090s] Level 1:colcon.colcon_core.package_identification:_identify(race_autonomy/ros2_ws/src) by extension 'ignore_ament_install'
[0.090s] Level 1:colcon.colcon_core.package_identification:_identify(race_autonomy/ros2_ws/src) by extensions ['colcon_pkg']
[0.090s] Level 1:colcon.colcon_core.package_identification:_identify(race_autonomy/ros2_ws/src) by extension 'colcon_pkg'
[0.090s] Level 1:colcon.colcon_core.package_identification:_identify(race_autonomy/ros2_ws/src) by extensions ['colcon_meta']
[0.090s] Level 1:colcon.colcon_core.package_identification:_identify(race_autonomy/ros2_ws/src) by extension 'colcon_meta'
[0.090s] Level 1:colcon.colcon_core.package_identification:_identify(race_autonomy/ros2_ws/src) by extensions ['ros']
[0.090s] Level 1:colcon.colcon_core.package_identification:_identify(race_autonomy/ros2_ws/src) by extension 'ros'
[0.090s] Level 1:colcon.colcon_core.package_identification:_identify(race_autonomy/ros2_ws/src) by extensions ['cmake', 'python']
[0.090s] Level 1:colcon.colcon_core.package_identification:_identify(race_autonomy/ros2_ws/src) by extension 'cmake'
[0.090s] Level 1:colcon.colcon_core.package_identification:_identify(race_autonomy/ros2_ws/src) by extension 'python'
[0.090s] Level 1:colcon.colcon_core.package_identification:_identify(race_autonomy/ros2_ws/src) by extensions ['python_setup_py']
[0.090s] Level 1:colcon.colcon_core.package_identification:_identify(race_autonomy/ros2_ws/src) by extension 'python_setup_py'
[0.090s] Level 1:colcon.colcon_core.package_identification:_identify(race_autonomy/ros2_ws/src/camera_bringup) by extensions ['ignore', 'ignore_ament_install']
[0.090s] Level 1:colcon.colcon_core.package_identification:_identify(race_autonomy/ros2_ws/src/camera_bringup) by extension 'ignore'
[0.090s] Level 1:colcon.colcon_core.package_identification:_identify(race_autonomy/ros2_ws/src/camera_bringup) by extension 'ignore_ament_install'
[0.090s] Level 1:colcon.colcon_core.package_identification:_identify(race_autonomy/ros2_ws/src/camera_bringup) by extensions ['colcon_pkg']
[0.090s] Level 1:colcon.colcon_core.package_identification:_identify(race_autonomy/ros2_ws/src/camera_bringup) by extension 'colcon_pkg'
[0.090s] Level 1:colcon.colcon_core.package_identification:_identify(race_autonomy/ros2_ws/src/camera_bringup) by extensions ['colcon_meta']
[0.090s] Level 1:colcon.colcon_core.package_identification:_identify(race_autonomy/ros2_ws/src/camera_bringup) by extension 'colcon_meta'
[0.090s] Level 1:colcon.colcon_core.package_identification:_identify(race_autonomy/ros2_ws/src/camera_bringup) by extensions ['ros']
[0.090s] Level 1:colcon.colcon_core.package_identification:_identify(race_autonomy/ros2_ws/src/camera_bringup) by extension 'ros'
[0.091s] DEBUG:colcon.colcon_core.package_identification:Package 'race_autonomy/ros2_ws/src/camera_bringup' with type 'ros.ament_cmake' and name 'camera_bringup'
[0.092s] Level 1:colcon.colcon_core.package_identification:_identify(race_autonomy/ros2_ws/src/camera_navigation) by extensions ['ignore', 'ignore_ament_install']
[0.092s] Level 1:colcon.colcon_core.package_identification:_identify(race_autonomy/ros2_ws/src/camera_navigation) by extension 'ignore'
[0.092s] Level 1:colcon.colcon_core.package_identification:_identify(race_autonomy/ros2_ws/src/camera_navigation) by extension 'ignore_ament_install'
[0.092s] Level 1:colcon.colcon_core.package_identification:_identify(race_autonomy/ros2_ws/src/camera_navigation) by extensions ['colcon_pkg']
[0.092s] Level 1:colcon.colcon_core.package_identification:_identify(race_autonomy/ros2_ws/src/camera_navigation) by extension 'colcon_pkg'
[0.092s] Level 1:colcon.colcon_core.package_identification:_identify(race_autonomy/ros2_ws/src/camera_navigation) by extensions ['colcon_meta']
[0.092s] Level 1:colcon.colcon_core.package_identification:_identify(race_autonomy/ros2_ws/src/camera_navigation) by extension 'colcon_meta'
[0.092s] Level 1:colcon.colcon_core.package_identification:_identify(race_autonomy/ros2_ws/src/camera_navigation) by extensions ['ros']
[0.092s] Level 1:colcon.colcon_core.package_identification:_identify(race_autonomy/ros2_ws/src/camera_navigation) by extension 'ros'
[0.092s] DEBUG:colcon.colcon_core.package_identification:Package 'race_autonomy/ros2_ws/src/camera_navigation' with type 'ros.ament_python' and name 'camera_navigation'
[0.092s] Level 1:colcon.colcon_core.package_identification:_identify(race_autonomy/ros2_ws/src/camera_yolo_inference) by extensions ['ignore', 'ignore_ament_install']
[0.092s] Level 1:colcon.colcon_core.package_identification:_identify(race_autonomy/ros2_ws/src/camera_yolo_inference) by extension 'ignore'
[0.092s] Level 1:colcon.colcon_core.package_identification:_identify(race_autonomy/ros2_ws/src/camera_yolo_inference) by extension 'ignore_ament_install'
[0.092s] Level 1:colcon.colcon_core.package_identification:_identify(race_autonomy/ros2_ws/src/camera_yolo_inference) by extensions ['colcon_pkg']
[0.092s] Level 1:colcon.colcon_core.package_identification:_identify(race_autonomy/ros2_ws/src/camera_yolo_inference) by extension 'colcon_pkg'
[0.092s] Level 1:colcon.colcon_core.package_identification:_identify(race_autonomy/ros2_ws/src/camera_yolo_inference) by extensions ['colcon_meta']
[0.092s] Level 1:colcon.colcon_core.package_identification:_identify(race_autonomy/ros2_ws/src/camera_yolo_inference) by extension 'colcon_meta'
[0.092s] Level 1:colcon.colcon_core.package_identification:_identify(race_autonomy/ros2_ws/src/camera_yolo_inference) by extensions ['ros']
[0.092s] Level 1:colcon.colcon_core.package_identification:_identify(race_autonomy/ros2_ws/src/camera_yolo_inference) by extension 'ros'
[0.092s] DEBUG:colcon.colcon_core.package_identification:Package 'race_autonomy/ros2_ws/src/camera_yolo_inference' with type 'ros.ament_python' and name 'camera_yolo_inference'
[0.092s] Level 1:colcon.colcon_core.package_identification:_identify(race_autonomy/ros2_ws/src/gazebo_car_description) by extensions ['ignore', 'ignore_ament_install']
[0.093s] Level 1:colcon.colcon_core.package_identification:_identify(race_autonomy/ros2_ws/src/gazebo_car_description) by extension 'ignore'
[0.093s] Level 1:colcon.colcon_core.package_identification:_identify(race_autonomy/ros2_ws/src/gazebo_car_description) by extension 'ignore_ament_install'
[0.093s] Level 1:colcon.colcon_core.package_identification:_identify(race_autonomy/ros2_ws/src/gazebo_car_description) by extensions ['colcon_pkg']
[0.093s] Level 1:colcon.colcon_core.package_identification:_identify(race_autonomy/ros2_ws/src/gazebo_car_description) by extension 'colcon_pkg'
[0.093s] Level 1:colcon.colcon_core.package_identification:_identify(race_autonomy/ros2_ws/src/gazebo_car_description) by extensions ['colcon_meta']
[0.093s] Level 1:colcon.colcon_core.package_identification:_identify(race_autonomy/ros2_ws/src/gazebo_car_description) by extension 'colcon_meta'
[0.093s] Level 1:colcon.colcon_core.package_identification:_identify(race_autonomy/ros2_ws/src/gazebo_car_description) by extensions ['ros']
[0.093s] Level 1:colcon.colcon_core.package_identification:_identify(race_autonomy/ros2_ws/src/gazebo_car_description) by extension 'ros'
[0.093s] DEBUG:colcon.colcon_core.package_identification:Package 'race_autonomy/ros2_ws/src/gazebo_car_description' with type 'ros.ament_cmake' and name 'gazebo_car_description'
[0.093s] Level 1:colcon.colcon_core.package_identification:_identify(race_autonomy/ros2_ws/src/imu_manager) by extensions ['ignore', 'ignore_ament_install']
[0.093s] Level 1:colcon.colcon_core.package_identification:_identify(race_autonomy/ros2_ws/src/imu_manager) by extension 'ignore'
[0.093s] Level 1:colcon.colcon_core.package_identification:_identify(race_autonomy/ros2_ws/src/imu_manager) by extension 'ignore_ament_install'
[0.093s] Level 1:colcon.colcon_core.package_identification:_identify(race_autonomy/ros2_ws/src/imu_manager) by extensions ['colcon_pkg']
[0.093s] Level 1:colcon.colcon_core.package_identification:_identify(race_autonomy/ros2_ws/src/imu_manager) by extension 'colcon_pkg'
[0.093s] Level 1:colcon.colcon_core.package_identification:_identify(race_autonomy/ros2_ws/src/imu_manager) by extensions ['colcon_meta']
[0.093s] Level 1:colcon.colcon_core.package_identification:_identify(race_autonomy/ros2_ws/src/imu_manager) by extension 'colcon_meta'
[0.093s] Level 1:colcon.colcon_core.package_identification:_identify(race_autonomy/ros2_ws/src/imu_manager) by extensions ['ros']
[0.093s] Level 1:colcon.colcon_core.package_identification:_identify(race_autonomy/ros2_ws/src/imu_manager) by extension 'ros'
[0.093s] DEBUG:colcon.colcon_core.package_identification:Package 'race_autonomy/ros2_ws/src/imu_manager' with type 'ros.ament_python' and name 'imu_manager'
[0.093s] Level 1:colcon.colcon_core.package_identification:_identify(race_autonomy/ros2_ws/src/race_bringup) by extensions ['ignore', 'ignore_ament_install']
[0.093s] Level 1:colcon.colcon_core.package_identification:_identify(race_autonomy/ros2_ws/src/race_bringup) by extension 'ignore'
[0.093s] Level 1:colcon.colcon_core.package_identification:_identify(race_autonomy/ros2_ws/src/race_bringup) by extension 'ignore_ament_install'
[0.093s] Level 1:colcon.colcon_core.package_identification:_identify(race_autonomy/ros2_ws/src/race_bringup) by extensions ['colcon_pkg']
[0.093s] Level 1:colcon.colcon_core.package_identification:_identify(race_autonomy/ros2_ws/src/race_bringup) by extension 'colcon_pkg'
[0.093s] Level 1:colcon.colcon_core.package_identification:_identify(race_autonomy/ros2_ws/src/race_bringup) by extensions ['colcon_meta']
[0.093s] Level 1:colcon.colcon_core.package_identification:_identify(race_autonomy/ros2_ws/src/race_bringup) by extension 'colcon_meta'
[0.093s] Level 1:colcon.colcon_core.package_identification:_identify(race_autonomy/ros2_ws/src/race_bringup) by extensions ['ros']
[0.093s] Level 1:colcon.colcon_core.package_identification:_identify(race_autonomy/ros2_ws/src/race_bringup) by extension 'ros'
[0.093s] Level 1:colcon.colcon_core.package_identification:_identify(race_autonomy/ros2_ws/src/race_bringup) by extensions ['cmake', 'python']
[0.093s] Level 1:colcon.colcon_core.package_identification:_identify(race_autonomy/ros2_ws/src/race_bringup) by extension 'cmake'
[0.093s] Level 1:colcon.colcon_core.package_identification:_identify(race_autonomy/ros2_ws/src/race_bringup) by extension 'python'
[0.094s] Level 1:colcon.colcon_core.package_identification:_identify(race_autonomy/ros2_ws/src/race_bringup) by extensions ['python_setup_py']
[0.094s] Level 1:colcon.colcon_core.package_identification:_identify(race_autonomy/ros2_ws/src/race_bringup) by extension 'python_setup_py'
[0.094s] Level 1:colcon.colcon_core.package_identification:_identify(race_autonomy/ros2_ws/src/race_bringup/config) by extensions ['ignore', 'ignore_ament_install']
[0.094s] Level 1:colcon.colcon_core.package_identification:_identify(race_autonomy/ros2_ws/src/race_bringup/config) by extension 'ignore'
[0.094s] Level 1:colcon.colcon_core.package_identification:_identify(race_autonomy/ros2_ws/src/race_bringup/config) by extension 'ignore_ament_install'
[0.094s] Level 1:colcon.colcon_core.package_identification:_identify(race_autonomy/ros2_ws/src/race_bringup/config) by extensions ['colcon_pkg']
[0.094s] Level 1:colcon.colcon_core.package_identification:_identify(race_autonomy/ros2_ws/src/race_bringup/config) by extension 'colcon_pkg'
[0.094s] Level 1:colcon.colcon_core.package_identification:_identify(race_autonomy/ros2_ws/src/race_bringup/config) by extensions ['colcon_meta']
[0.094s] Level 1:colcon.colcon_core.package_identification:_identify(race_autonomy/ros2_ws/src/race_bringup/config) by extension 'colcon_meta'
[0.094s] Level 1:colcon.colcon_core.package_identification:_identify(race_autonomy/ros2_ws/src/race_bringup/config) by extensions ['ros']
[0.094s] Level 1:colcon.colcon_core.package_identification:_identify(race_autonomy/ros2_ws/src/race_bringup/config) by extension 'ros'
[0.094s] Level 1:colcon.colcon_core.package_identification:_identify(race_autonomy/ros2_ws/src/race_bringup/config) by extensions ['cmake', 'python']
[0.094s] Level 1:colcon.colcon_core.package_identification:_identify(race_autonomy/ros2_ws/src/race_bringup/config) by extension 'cmake'
[0.094s] Level 1:colcon.colcon_core.package_identification:_identify(race_autonomy/ros2_ws/src/race_bringup/config) by extension 'python'
[0.094s] Level 1:colcon.colcon_core.package_identification:_identify(race_autonomy/ros2_ws/src/race_bringup/config) by extensions ['python_setup_py']
[0.094s] Level 1:colcon.colcon_core.package_identification:_identify(race_autonomy/ros2_ws/src/race_bringup/config) by extension 'python_setup_py'
[0.094s] Level 1:colcon.colcon_core.package_identification:_identify(race_autonomy/ros2_ws/src/race_bringup/launch) by extensions ['ignore', 'ignore_ament_install']
[0.094s] Level 1:colcon.colcon_core.package_identification:_identify(race_autonomy/ros2_ws/src/race_bringup/launch) by extension 'ignore'
[0.094s] Level 1:colcon.colcon_core.package_identification:_identify(race_autonomy/ros2_ws/src/race_bringup/launch) by extension 'ignore_ament_install'
[0.094s] Level 1:colcon.colcon_core.package_identification:_identify(race_autonomy/ros2_ws/src/race_bringup/launch) by extensions ['colcon_pkg']
[0.094s] Level 1:colcon.colcon_core.package_identification:_identify(race_autonomy/ros2_ws/src/race_bringup/launch) by extension 'colcon_pkg'
[0.094s] Level 1:colcon.colcon_core.package_identification:_identify(race_autonomy/ros2_ws/src/race_bringup/launch) by extensions ['colcon_meta']
[0.094s] Level 1:colcon.colcon_core.package_identification:_identify(race_autonomy/ros2_ws/src/race_bringup/launch) by extension 'colcon_meta'
[0.094s] Level 1:colcon.colcon_core.package_identification:_identify(race_autonomy/ros2_ws/src/race_bringup/launch) by extensions ['ros']
[0.094s] Level 1:colcon.colcon_core.package_identification:_identify(race_autonomy/ros2_ws/src/race_bringup/launch) by extension 'ros'
[0.094s] Level 1:colcon.colcon_core.package_identification:_identify(race_autonomy/ros2_ws/src/race_bringup/launch) by extensions ['cmake', 'python']
[0.094s] Level 1:colcon.colcon_core.package_identification:_identify(race_autonomy/ros2_ws/src/race_bringup/launch) by extension 'cmake'
[0.094s] Level 1:colcon.colcon_core.package_identification:_identify(race_autonomy/ros2_ws/src/race_bringup/launch) by extension 'python'
[0.094s] Level 1:colcon.colcon_core.package_identification:_identify(race_autonomy/ros2_ws/src/race_bringup/launch) by extensions ['python_setup_py']
[0.094s] Level 1:colcon.colcon_core.package_identification:_identify(race_autonomy/ros2_ws/src/race_bringup/launch) by extension 'python_setup_py'
[0.094s] Level 1:colcon.colcon_core.package_identification:_identify(race_autonomy/ros2_ws/src/race_control) by extensions ['ignore', 'ignore_ament_install']
[0.094s] Level 1:colcon.colcon_core.package_identification:_identify(race_autonomy/ros2_ws/src/race_control) by extension 'ignore'
[0.094s] Level 1:colcon.colcon_core.package_identification:_identify(race_autonomy/ros2_ws/src/race_control) by extension 'ignore_ament_install'
[0.094s] Level 1:colcon.colcon_core.package_identification:_identify(race_autonomy/ros2_ws/src/race_control) by extensions ['colcon_pkg']
[0.094s] Level 1:colcon.colcon_core.package_identification:_identify(race_autonomy/ros2_ws/src/race_control) by extension 'colcon_pkg'
[0.094s] Level 1:colcon.colcon_core.package_identification:_identify(race_autonomy/ros2_ws/src/race_control) by extensions ['colcon_meta']
[0.094s] Level 1:colcon.colcon_core.package_identification:_identify(race_autonomy/ros2_ws/src/race_control) by extension 'colcon_meta'
[0.094s] Level 1:colcon.colcon_core.package_identification:_identify(race_autonomy/ros2_ws/src/race_control) by extensions ['ros']
[0.094s] Level 1:colcon.colcon_core.package_identification:_identify(race_autonomy/ros2_ws/src/race_control) by extension 'ros'
[0.094s] DEBUG:colcon.colcon_core.package_identification:Package 'race_autonomy/ros2_ws/src/race_control' with type 'ros.ament_python' and name 'race_control'
[0.094s] Level 1:colcon.colcon_core.package_identification:_identify(race_autonomy/ros2_ws/src/race_description) by extensions ['ignore', 'ignore_ament_install']
[0.094s] Level 1:colcon.colcon_core.package_identification:_identify(race_autonomy/ros2_ws/src/race_description) by extension 'ignore'
[0.094s] Level 1:colcon.colcon_core.package_identification:_identify(race_autonomy/ros2_ws/src/race_description) by extension 'ignore_ament_install'
[0.095s] Level 1:colcon.colcon_core.package_identification:_identify(race_autonomy/ros2_ws/src/race_description) by extensions ['colcon_pkg']
[0.095s] Level 1:colcon.colcon_core.package_identification:_identify(race_autonomy/ros2_ws/src/race_description) by extension 'colcon_pkg'
[0.095s] Level 1:colcon.colcon_core.package_identification:_identify(race_autonomy/ros2_ws/src/race_description) by extensions ['colcon_meta']
[0.095s] Level 1:colcon.colcon_core.package_identification:_identify(race_autonomy/ros2_ws/src/race_description) by extension 'colcon_meta'
[0.095s] Level 1:colcon.colcon_core.package_identification:_identify(race_autonomy/ros2_ws/src/race_description) by extensions ['ros']
[0.095s] Level 1:colcon.colcon_core.package_identification:_identify(race_autonomy/ros2_ws/src/race_description) by extension 'ros'
[0.095s] Level 1:colcon.colcon_core.package_identification:_identify(race_autonomy/ros2_ws/src/race_description) by extensions ['cmake', 'python']
[0.095s] Level 1:colcon.colcon_core.package_identification:_identify(race_autonomy/ros2_ws/src/race_description) by extension 'cmake'
[0.095s] Level 1:colcon.colcon_core.package_identification:_identify(race_autonomy/ros2_ws/src/race_description) by extension 'python'
[0.095s] Level 1:colcon.colcon_core.package_identification:_identify(race_autonomy/ros2_ws/src/race_description) by extensions ['python_setup_py']
[0.095s] Level 1:colcon.colcon_core.package_identification:_identify(race_autonomy/ros2_ws/src/race_description) by extension 'python_setup_py'
[0.095s] Level 1:colcon.colcon_core.package_identification:_identify(race_autonomy/ros2_ws/src/race_description/rviz) by extensions ['ignore', 'ignore_ament_install']
[0.095s] Level 1:colcon.colcon_core.package_identification:_identify(race_autonomy/ros2_ws/src/race_description/rviz) by extension 'ignore'
[0.095s] Level 1:colcon.colcon_core.package_identification:_identify(race_autonomy/ros2_ws/src/race_description/rviz) by extension 'ignore_ament_install'
[0.095s] Level 1:colcon.colcon_core.package_identification:_identify(race_autonomy/ros2_ws/src/race_description/rviz) by extensions ['colcon_pkg']
[0.095s] Level 1:colcon.colcon_core.package_identification:_identify(race_autonomy/ros2_ws/src/race_description/rviz) by extension 'colcon_pkg'
[0.095s] Level 1:colcon.colcon_core.package_identification:_identify(race_autonomy/ros2_ws/src/race_description/rviz) by extensions ['colcon_meta']
[0.095s] Level 1:colcon.colcon_core.package_identification:_identify(race_autonomy/ros2_ws/src/race_description/rviz) by extension 'colcon_meta'
[0.095s] Level 1:colcon.colcon_core.package_identification:_identify(race_autonomy/ros2_ws/src/race_description/rviz) by extensions ['ros']
[0.095s] Level 1:colcon.colcon_core.package_identification:_identify(race_autonomy/ros2_ws/src/race_description/rviz) by extension 'ros'
[0.095s] Level 1:colcon.colcon_core.package_identification:_identify(race_autonomy/ros2_ws/src/race_description/rviz) by extensions ['cmake', 'python']
[0.095s] Level 1:colcon.colcon_core.package_identification:_identify(race_autonomy/ros2_ws/src/race_description/rviz) by extension 'cmake'
[0.095s] Level 1:colcon.colcon_core.package_identification:_identify(race_autonomy/ros2_ws/src/race_description/rviz) by extension 'python'
[0.095s] Level 1:colcon.colcon_core.package_identification:_identify(race_autonomy/ros2_ws/src/race_description/rviz) by extensions ['python_setup_py']
[0.095s] Level 1:colcon.colcon_core.package_identification:_identify(race_autonomy/ros2_ws/src/race_description/rviz) by extension 'python_setup_py'
[0.095s] Level 1:colcon.colcon_core.package_identification:_identify(race_autonomy/ros2_ws/src/race_description/urdf) by extensions ['ignore', 'ignore_ament_install']
[0.095s] Level 1:colcon.colcon_core.package_identification:_identify(race_autonomy/ros2_ws/src/race_description/urdf) by extension 'ignore'
[0.095s] Level 1:colcon.colcon_core.package_identification:_identify(race_autonomy/ros2_ws/src/race_description/urdf) by extension 'ignore_ament_install'
[0.095s] Level 1:colcon.colcon_core.package_identification:_identify(race_autonomy/ros2_ws/src/race_description/urdf) by extensions ['colcon_pkg']
[0.095s] Level 1:colcon.colcon_core.package_identification:_identify(race_autonomy/ros2_ws/src/race_description/urdf) by extension 'colcon_pkg'
[0.095s] Level 1:colcon.colcon_core.package_identification:_identify(race_autonomy/ros2_ws/src/race_description/urdf) by extensions ['colcon_meta']
[0.095s] Level 1:colcon.colcon_core.package_identification:_identify(race_autonomy/ros2_ws/src/race_description/urdf) by extension 'colcon_meta'
[0.095s] Level 1:colcon.colcon_core.package_identification:_identify(race_autonomy/ros2_ws/src/race_description/urdf) by extensions ['ros']
[0.095s] Level 1:colcon.colcon_core.package_identification:_identify(race_autonomy/ros2_ws/src/race_description/urdf) by extension 'ros'
[0.095s] Level 1:colcon.colcon_core.package_identification:_identify(race_autonomy/ros2_ws/src/race_description/urdf) by extensions ['cmake', 'python']
[0.095s] Level 1:colcon.colcon_core.package_identification:_identify(race_autonomy/ros2_ws/src/race_description/urdf) by extension 'cmake'
[0.095s] Level 1:colcon.colcon_core.package_identification:_identify(race_autonomy/ros2_ws/src/race_description/urdf) by extension 'python'
[0.095s] Level 1:colcon.colcon_core.package_identification:_identify(race_autonomy/ros2_ws/src/race_description/urdf) by extensions ['python_setup_py']
[0.095s] Level 1:colcon.colcon_core.package_identification:_identify(race_autonomy/ros2_ws/src/race_description/urdf) by extension 'python_setup_py'
[0.095s] Level 1:colcon.colcon_core.package_identification:_identify(race_autonomy/ros2_ws/src/race_interfaces) by extensions ['ignore', 'ignore_ament_install']
[0.095s] Level 1:colcon.colcon_core.package_identification:_identify(race_autonomy/ros2_ws/src/race_interfaces) by extension 'ignore'
[0.095s] Level 1:colcon.colcon_core.package_identification:_identify(race_autonomy/ros2_ws/src/race_interfaces) by extension 'ignore_ament_install'
[0.095s] Level 1:colcon.colcon_core.package_identification:_identify(race_autonomy/ros2_ws/src/race_interfaces) by extensions ['colcon_pkg']
[0.095s] Level 1:colcon.colcon_core.package_identification:_identify(race_autonomy/ros2_ws/src/race_interfaces) by extension 'colcon_pkg'
[0.095s] Level 1:colcon.colcon_core.package_identification:_identify(race_autonomy/ros2_ws/src/race_interfaces) by extensions ['colcon_meta']
[0.095s] Level 1:colcon.colcon_core.package_identification:_identify(race_autonomy/ros2_ws/src/race_interfaces) by extension 'colcon_meta'
[0.095s] Level 1:colcon.colcon_core.package_identification:_identify(race_autonomy/ros2_ws/src/race_interfaces) by extensions ['ros']
[0.095s] Level 1:colcon.colcon_core.package_identification:_identify(race_autonomy/ros2_ws/src/race_interfaces) by extension 'ros'
[0.096s] DEBUG:colcon.colcon_core.package_identification:Package 'race_autonomy/ros2_ws/src/race_interfaces' with type 'ros.ament_cmake' and name 'race_interfaces'
[0.096s] Level 1:colcon.colcon_core.package_identification:_identify(race_autonomy/ros2_ws/src/race_localization) by extensions ['ignore', 'ignore_ament_install']
[0.096s] Level 1:colcon.colcon_core.package_identification:_identify(race_autonomy/ros2_ws/src/race_localization) by extension 'ignore'
[0.096s] Level 1:colcon.colcon_core.package_identification:_identify(race_autonomy/ros2_ws/src/race_localization) by extension 'ignore_ament_install'
[0.096s] Level 1:colcon.colcon_core.package_identification:_identify(race_autonomy/ros2_ws/src/race_localization) by extensions ['colcon_pkg']
[0.096s] Level 1:colcon.colcon_core.package_identification:_identify(race_autonomy/ros2_ws/src/race_localization) by extension 'colcon_pkg'
[0.096s] Level 1:colcon.colcon_core.package_identification:_identify(race_autonomy/ros2_ws/src/race_localization) by extensions ['colcon_meta']
[0.096s] Level 1:colcon.colcon_core.package_identification:_identify(race_autonomy/ros2_ws/src/race_localization) by extension 'colcon_meta'
[0.096s] Level 1:colcon.colcon_core.package_identification:_identify(race_autonomy/ros2_ws/src/race_localization) by extensions ['ros']
[0.096s] Level 1:colcon.colcon_core.package_identification:_identify(race_autonomy/ros2_ws/src/race_localization) by extension 'ros'
[0.096s] Level 1:colcon.colcon_core.package_identification:_identify(race_autonomy/ros2_ws/src/race_localization) by extensions ['cmake', 'python']
[0.096s] Level 1:colcon.colcon_core.package_identification:_identify(race_autonomy/ros2_ws/src/race_localization) by extension 'cmake'
[0.096s] Level 1:colcon.colcon_core.package_identification:_identify(race_autonomy/ros2_ws/src/race_localization) by extension 'python'
[0.096s] Level 1:colcon.colcon_core.package_identification:_identify(race_autonomy/ros2_ws/src/race_localization) by extensions ['python_setup_py']
[0.096s] Level 1:colcon.colcon_core.package_identification:_identify(race_autonomy/ros2_ws/src/race_localization) by extension 'python_setup_py'
[0.096s] Level 1:colcon.colcon_core.package_identification:_identify(race_autonomy/ros2_ws/src/race_localization/race_localization) by extensions ['ignore', 'ignore_ament_install']
[0.096s] Level 1:colcon.colcon_core.package_identification:_identify(race_autonomy/ros2_ws/src/race_localization/race_localization) by extension 'ignore'
[0.096s] Level 1:colcon.colcon_core.package_identification:_identify(race_autonomy/ros2_ws/src/race_localization/race_localization) by extension 'ignore_ament_install'
[0.096s] Level 1:colcon.colcon_core.package_identification:_identify(race_autonomy/ros2_ws/src/race_localization/race_localization) by extensions ['colcon_pkg']
[0.096s] Level 1:colcon.colcon_core.package_identification:_identify(race_autonomy/ros2_ws/src/race_localization/race_localization) by extension 'colcon_pkg'
[0.096s] Level 1:colcon.colcon_core.package_identification:_identify(race_autonomy/ros2_ws/src/race_localization/race_localization) by extensions ['colcon_meta']
[0.096s] Level 1:colcon.colcon_core.package_identification:_identify(race_autonomy/ros2_ws/src/race_localization/race_localization) by extension 'colcon_meta'
[0.096s] Level 1:colcon.colcon_core.package_identification:_identify(race_autonomy/ros2_ws/src/race_localization/race_localization) by extensions ['ros']
[0.096s] Level 1:colcon.colcon_core.package_identification:_identify(race_autonomy/ros2_ws/src/race_localization/race_localization) by extension 'ros'
[0.096s] Level 1:colcon.colcon_core.package_identification:_identify(race_autonomy/ros2_ws/src/race_localization/race_localization) by extensions ['cmake', 'python']
[0.096s] Level 1:colcon.colcon_core.package_identification:_identify(race_autonomy/ros2_ws/src/race_localization/race_localization) by extension 'cmake'
[0.096s] Level 1:colcon.colcon_core.package_identification:_identify(race_autonomy/ros2_ws/src/race_localization/race_localization) by extension 'python'
[0.096s] Level 1:colcon.colcon_core.package_identification:_identify(race_autonomy/ros2_ws/src/race_localization/race_localization) by extensions ['python_setup_py']
[0.096s] Level 1:colcon.colcon_core.package_identification:_identify(race_autonomy/ros2_ws/src/race_localization/race_localization) by extension 'python_setup_py'
[0.096s] Level 1:colcon.colcon_core.package_identification:_identify(race_autonomy/ros2_ws/src/race_perception) by extensions ['ignore', 'ignore_ament_install']
[0.096s] Level 1:colcon.colcon_core.package_identification:_identify(race_autonomy/ros2_ws/src/race_perception) by extension 'ignore'
[0.096s] Level 1:colcon.colcon_core.package_identification:_identify(race_autonomy/ros2_ws/src/race_perception) by extension 'ignore_ament_install'
[0.096s] Level 1:colcon.colcon_core.package_identification:_identify(race_autonomy/ros2_ws/src/race_perception) by extensions ['colcon_pkg']
[0.096s] Level 1:colcon.colcon_core.package_identification:_identify(race_autonomy/ros2_ws/src/race_perception) by extension 'colcon_pkg'
[0.096s] Level 1:colcon.colcon_core.package_identification:_identify(race_autonomy/ros2_ws/src/race_perception) by extensions ['colcon_meta']
[0.096s] Level 1:colcon.colcon_core.package_identification:_identify(race_autonomy/ros2_ws/src/race_perception) by extension 'colcon_meta'
[0.096s] Level 1:colcon.colcon_core.package_identification:_identify(race_autonomy/ros2_ws/src/race_perception) by extensions ['ros']
[0.096s] Level 1:colcon.colcon_core.package_identification:_identify(race_autonomy/ros2_ws/src/race_perception) by extension 'ros'
[0.096s] DEBUG:colcon.colcon_core.package_identification:Package 'race_autonomy/ros2_ws/src/race_perception' with type 'ros.ament_python' and name 'race_perception'
[0.096s] Level 1:colcon.colcon_core.package_identification:_identify(race_autonomy/ros2_ws/src/race_sensors) by extensions ['ignore', 'ignore_ament_install']
[0.096s] Level 1:colcon.colcon_core.package_identification:_identify(race_autonomy/ros2_ws/src/race_sensors) by extension 'ignore'
[0.096s] Level 1:colcon.colcon_core.package_identification:_identify(race_autonomy/ros2_ws/src/race_sensors) by extension 'ignore_ament_install'
[0.097s] Level 1:colcon.colcon_core.package_identification:_identify(race_autonomy/ros2_ws/src/race_sensors) by extensions ['colcon_pkg']
[0.097s] Level 1:colcon.colcon_core.package_identification:_identify(race_autonomy/ros2_ws/src/race_sensors) by extension 'colcon_pkg'
[0.097s] Level 1:colcon.colcon_core.package_identification:_identify(race_autonomy/ros2_ws/src/race_sensors) by extensions ['colcon_meta']
[0.097s] Level 1:colcon.colcon_core.package_identification:_identify(race_autonomy/ros2_ws/src/race_sensors) by extension 'colcon_meta'
[0.097s] Level 1:colcon.colcon_core.package_identification:_identify(race_autonomy/ros2_ws/src/race_sensors) by extensions ['ros']
[0.097s] Level 1:colcon.colcon_core.package_identification:_identify(race_autonomy/ros2_ws/src/race_sensors) by extension 'ros'
[0.097s] Level 1:colcon.colcon_core.package_identification:_identify(race_autonomy/ros2_ws/src/race_sensors) by extensions ['cmake', 'python']
[0.097s] Level 1:colcon.colcon_core.package_identification:_identify(race_autonomy/ros2_ws/src/race_sensors) by extension 'cmake'
[0.097s] Level 1:colcon.colcon_core.package_identification:_identify(race_autonomy/ros2_ws/src/race_sensors) by extension 'python'
[0.097s] Level 1:colcon.colcon_core.package_identification:_identify(race_autonomy/ros2_ws/src/race_sensors) by extensions ['python_setup_py']
[0.097s] Level 1:colcon.colcon_core.package_identification:_identify(race_autonomy/ros2_ws/src/race_sensors) by extension 'python_setup_py'
[0.097s] Level 1:colcon.colcon_core.package_identification:_identify(race_autonomy/ros2_ws/src/race_sensors/race_sensors) by extensions ['ignore', 'ignore_ament_install']
[0.097s] Level 1:colcon.colcon_core.package_identification:_identify(race_autonomy/ros2_ws/src/race_sensors/race_sensors) by extension 'ignore'
[0.097s] Level 1:colcon.colcon_core.package_identification:_identify(race_autonomy/ros2_ws/src/race_sensors/race_sensors) by extension 'ignore_ament_install'
[0.097s] Level 1:colcon.colcon_core.package_identification:_identify(race_autonomy/ros2_ws/src/race_sensors/race_sensors) by extensions ['colcon_pkg']
[0.097s] Level 1:colcon.colcon_core.package_identification:_identify(race_autonomy/ros2_ws/src/race_sensors/race_sensors) by extension 'colcon_pkg'
[0.097s] Level 1:colcon.colcon_core.package_identification:_identify(race_autonomy/ros2_ws/src/race_sensors/race_sensors) by extensions ['colcon_meta']
[0.097s] Level 1:colcon.colcon_core.package_identification:_identify(race_autonomy/ros2_ws/src/race_sensors/race_sensors) by extension 'colcon_meta'
[0.097s] Level 1:colcon.colcon_core.package_identification:_identify(race_autonomy/ros2_ws/src/race_sensors/race_sensors) by extensions ['ros']
[0.097s] Level 1:colcon.colcon_core.package_identification:_identify(race_autonomy/ros2_ws/src/race_sensors/race_sensors) by extension 'ros'
[0.097s] Level 1:colcon.colcon_core.package_identification:_identify(race_autonomy/ros2_ws/src/race_sensors/race_sensors) by extensions ['cmake', 'python']
[0.097s] Level 1:colcon.colcon_core.package_identification:_identify(race_autonomy/ros2_ws/src/race_sensors/race_sensors) by extension 'cmake'
[0.097s] Level 1:colcon.colcon_core.package_identification:_identify(race_autonomy/ros2_ws/src/race_sensors/race_sensors) by extension 'python'
[0.097s] Level 1:colcon.colcon_core.package_identification:_identify(race_autonomy/ros2_ws/src/race_sensors/race_sensors) by extensions ['python_setup_py']
[0.097s] Level 1:colcon.colcon_core.package_identification:_identify(race_autonomy/ros2_ws/src/race_sensors/race_sensors) by extension 'python_setup_py'
[0.097s] Level 1:colcon.colcon_core.package_identification:_identify(race_autonomy/ros2_ws/src/race_vehicle_interface) by extensions ['ignore', 'ignore_ament_install']
[0.097s] Level 1:colcon.colcon_core.package_identification:_identify(race_autonomy/ros2_ws/src/race_vehicle_interface) by extension 'ignore'
[0.097s] Level 1:colcon.colcon_core.package_identification:_identify(race_autonomy/ros2_ws/src/race_vehicle_interface) by extension 'ignore_ament_install'
[0.097s] Level 1:colcon.colcon_core.package_identification:_identify(race_autonomy/ros2_ws/src/race_vehicle_interface) by extensions ['colcon_pkg']
[0.097s] Level 1:colcon.colcon_core.package_identification:_identify(race_autonomy/ros2_ws/src/race_vehicle_interface) by extension 'colcon_pkg'
[0.097s] Level 1:colcon.colcon_core.package_identification:_identify(race_autonomy/ros2_ws/src/race_vehicle_interface) by extensions ['colcon_meta']
[0.097s] Level 1:colcon.colcon_core.package_identification:_identify(race_autonomy/ros2_ws/src/race_vehicle_interface) by extension 'colcon_meta'
[0.097s] Level 1:colcon.colcon_core.package_identification:_identify(race_autonomy/ros2_ws/src/race_vehicle_interface) by extensions ['ros']
[0.097s] Level 1:colcon.colcon_core.package_identification:_identify(race_autonomy/ros2_ws/src/race_vehicle_interface) by extension 'ros'
[0.097s] DEBUG:colcon.colcon_core.package_identification:Package 'race_autonomy/ros2_ws/src/race_vehicle_interface' with type 'ros.ament_python' and name 'race_vehicle_interface'
[0.097s] Level 1:colcon.colcon_core.package_identification:_identify(race_autonomy/ros2_ws/video_perception_test) by extensions ['ignore', 'ignore_ament_install']
[0.097s] Level 1:colcon.colcon_core.package_identification:_identify(race_autonomy/ros2_ws/video_perception_test) by extension 'ignore'
[0.097s] Level 1:colcon.colcon_core.package_identification:_identify(race_autonomy/ros2_ws/video_perception_test) by extension 'ignore_ament_install'
[0.097s] Level 1:colcon.colcon_core.package_identification:_identify(race_autonomy/ros2_ws/video_perception_test) by extensions ['colcon_pkg']
[0.097s] Level 1:colcon.colcon_core.package_identification:_identify(race_autonomy/ros2_ws/video_perception_test) by extension 'colcon_pkg'
[0.097s] Level 1:colcon.colcon_core.package_identification:_identify(race_autonomy/ros2_ws/video_perception_test) by extensions ['colcon_meta']
[0.097s] Level 1:colcon.colcon_core.package_identification:_identify(race_autonomy/ros2_ws/video_perception_test) by extension 'colcon_meta'
[0.097s] Level 1:colcon.colcon_core.package_identification:_identify(race_autonomy/ros2_ws/video_perception_test) by extensions ['ros']
[0.097s] Level 1:colcon.colcon_core.package_identification:_identify(race_autonomy/ros2_ws/video_perception_test) by extension 'ros'
[0.097s] Level 1:colcon.colcon_core.package_identification:_identify(race_autonomy/ros2_ws/video_perception_test) by extensions ['cmake', 'python']
[0.097s] Level 1:colcon.colcon_core.package_identification:_identify(race_autonomy/ros2_ws/video_perception_test) by extension 'cmake'
[0.098s] Level 1:colcon.colcon_core.package_identification:_identify(race_autonomy/ros2_ws/video_perception_test) by extension 'python'
[0.098s] Level 1:colcon.colcon_core.package_identification:_identify(race_autonomy/ros2_ws/video_perception_test) by extensions ['python_setup_py']
[0.098s] Level 1:colcon.colcon_core.package_identification:_identify(race_autonomy/ros2_ws/video_perception_test) by extension 'python_setup_py'
[0.098s] Level 1:colcon.colcon_core.package_identification:_identify(race_autonomy/ros2_ws/yolo11n) by extensions ['ignore', 'ignore_ament_install']
[0.098s] Level 1:colcon.colcon_core.package_identification:_identify(race_autonomy/ros2_ws/yolo11n) by extension 'ignore'
[0.098s] Level 1:colcon.colcon_core.package_identification:_identify(race_autonomy/ros2_ws/yolo11n) by extension 'ignore_ament_install'
[0.098s] Level 1:colcon.colcon_core.package_identification:_identify(race_autonomy/ros2_ws/yolo11n) by extensions ['colcon_pkg']
[0.098s] Level 1:colcon.colcon_core.package_identification:_identify(race_autonomy/ros2_ws/yolo11n) by extension 'colcon_pkg'
[0.098s] Level 1:colcon.colcon_core.package_identification:_identify(race_autonomy/ros2_ws/yolo11n) by extensions ['colcon_meta']
[0.098s] Level 1:colcon.colcon_core.package_identification:_identify(race_autonomy/ros2_ws/yolo11n) by extension 'colcon_meta'
[0.098s] Level 1:colcon.colcon_core.package_identification:_identify(race_autonomy/ros2_ws/yolo11n) by extensions ['ros']
[0.098s] Level 1:colcon.colcon_core.package_identification:_identify(race_autonomy/ros2_ws/yolo11n) by extension 'ros'
[0.098s] Level 1:colcon.colcon_core.package_identification:_identify(race_autonomy/ros2_ws/yolo11n) by extensions ['cmake', 'python']
[0.098s] Level 1:colcon.colcon_core.package_identification:_identify(race_autonomy/ros2_ws/yolo11n) by extension 'cmake'
[0.098s] Level 1:colcon.colcon_core.package_identification:_identify(race_autonomy/ros2_ws/yolo11n) by extension 'python'
[0.098s] Level 1:colcon.colcon_core.package_identification:_identify(race_autonomy/ros2_ws/yolo11n) by extensions ['python_setup_py']
[0.098s] Level 1:colcon.colcon_core.package_identification:_identify(race_autonomy/ros2_ws/yolo11n) by extension 'python_setup_py'
[0.098s] Level 1:colcon.colcon_core.package_identification:_identify(race_autonomy/ros2_ws/yolo11n/data) by extensions ['ignore', 'ignore_ament_install']
[0.098s] Level 1:colcon.colcon_core.package_identification:_identify(race_autonomy/ros2_ws/yolo11n/data) by extension 'ignore'
[0.098s] Level 1:colcon.colcon_core.package_identification:_identify(race_autonomy/ros2_ws/yolo11n/data) by extension 'ignore_ament_install'
[0.098s] Level 1:colcon.colcon_core.package_identification:_identify(race_autonomy/ros2_ws/yolo11n/data) by extensions ['colcon_pkg']
[0.098s] Level 1:colcon.colcon_core.package_identification:_identify(race_autonomy/ros2_ws/yolo11n/data) by extension 'colcon_pkg'
[0.098s] Level 1:colcon.colcon_core.package_identification:_identify(race_autonomy/ros2_ws/yolo11n/data) by extensions ['colcon_meta']
[0.098s] Level 1:colcon.colcon_core.package_identification:_identify(race_autonomy/ros2_ws/yolo11n/data) by extension 'colcon_meta'
[0.098s] Level 1:colcon.colcon_core.package_identification:_identify(race_autonomy/ros2_ws/yolo11n/data) by extensions ['ros']
[0.098s] Level 1:colcon.colcon_core.package_identification:_identify(race_autonomy/ros2_ws/yolo11n/data) by extension 'ros'
[0.098s] Level 1:colcon.colcon_core.package_identification:_identify(race_autonomy/ros2_ws/yolo11n/data) by extensions ['cmake', 'python']
[0.098s] Level 1:colcon.colcon_core.package_identification:_identify(race_autonomy/ros2_ws/yolo11n/data) by extension 'cmake'
[0.098s] Level 1:colcon.colcon_core.package_identification:_identify(race_autonomy/ros2_ws/yolo11n/data) by extension 'python'
[0.098s] Level 1:colcon.colcon_core.package_identification:_identify(race_autonomy/ros2_ws/yolo11n/data) by extensions ['python_setup_py']
[0.098s] Level 1:colcon.colcon_core.package_identification:_identify(race_autonomy/ros2_ws/yolo11n/data) by extension 'python_setup_py'
[0.098s] Level 1:colcon.colcon_core.package_identification:_identify(race_autonomy/tools) by extensions ['ignore', 'ignore_ament_install']
[0.098s] Level 1:colcon.colcon_core.package_identification:_identify(race_autonomy/tools) by extension 'ignore'
[0.098s] Level 1:colcon.colcon_core.package_identification:_identify(race_autonomy/tools) by extension 'ignore_ament_install'
[0.098s] Level 1:colcon.colcon_core.package_identification:_identify(race_autonomy/tools) by extensions ['colcon_pkg']
[0.098s] Level 1:colcon.colcon_core.package_identification:_identify(race_autonomy/tools) by extension 'colcon_pkg'
[0.098s] Level 1:colcon.colcon_core.package_identification:_identify(race_autonomy/tools) by extensions ['colcon_meta']
[0.098s] Level 1:colcon.colcon_core.package_identification:_identify(race_autonomy/tools) by extension 'colcon_meta'
[0.098s] Level 1:colcon.colcon_core.package_identification:_identify(race_autonomy/tools) by extensions ['ros']
[0.098s] Level 1:colcon.colcon_core.package_identification:_identify(race_autonomy/tools) by extension 'ros'
[0.098s] Level 1:colcon.colcon_core.package_identification:_identify(race_autonomy/tools) by extensions ['cmake', 'python']
[0.098s] Level 1:colcon.colcon_core.package_identification:_identify(race_autonomy/tools) by extension 'cmake'
[0.098s] Level 1:colcon.colcon_core.package_identification:_identify(race_autonomy/tools) by extension 'python'
[0.098s] Level 1:colcon.colcon_core.package_identification:_identify(race_autonomy/tools) by extensions ['python_setup_py']
[0.098s] Level 1:colcon.colcon_core.package_identification:_identify(race_autonomy/tools) by extension 'python_setup_py'
[0.098s] Level 1:colcon.colcon_core.package_identification:_identify(race_autonomy/tools/__pycache__) by extensions ['ignore', 'ignore_ament_install']
[0.098s] Level 1:colcon.colcon_core.package_identification:_identify(race_autonomy/tools/__pycache__) by extension 'ignore'
[0.098s] Level 1:colcon.colcon_core.package_identification:_identify(race_autonomy/tools/__pycache__) by extension 'ignore_ament_install'
[0.098s] Level 1:colcon.colcon_core.package_identification:_identify(race_autonomy/tools/__pycache__) by extensions ['colcon_pkg']
[0.099s] Level 1:colcon.colcon_core.package_identification:_identify(race_autonomy/tools/__pycache__) by extension 'colcon_pkg'
[0.099s] Level 1:colcon.colcon_core.package_identification:_identify(race_autonomy/tools/__pycache__) by extensions ['colcon_meta']
[0.099s] Level 1:colcon.colcon_core.package_identification:_identify(race_autonomy/tools/__pycache__) by extension 'colcon_meta'
[0.099s] Level 1:colcon.colcon_core.package_identification:_identify(race_autonomy/tools/__pycache__) by extensions ['ros']
[0.099s] Level 1:colcon.colcon_core.package_identification:_identify(race_autonomy/tools/__pycache__) by extension 'ros'
[0.099s] Level 1:colcon.colcon_core.package_identification:_identify(race_autonomy/tools/__pycache__) by extensions ['cmake', 'python']
[0.099s] Level 1:colcon.colcon_core.package_identification:_identify(race_autonomy/tools/__pycache__) by extension 'cmake'
[0.099s] Level 1:colcon.colcon_core.package_identification:_identify(race_autonomy/tools/__pycache__) by extension 'python'
[0.099s] Level 1:colcon.colcon_core.package_identification:_identify(race_autonomy/tools/__pycache__) by extensions ['python_setup_py']
[0.099s] Level 1:colcon.colcon_core.package_identification:_identify(race_autonomy/tools/__pycache__) by extension 'python_setup_py'
[0.099s] Level 1:colcon.colcon_core.package_identification:_identify(video_perception_test) by extensions ['ignore', 'ignore_ament_install']
[0.099s] Level 1:colcon.colcon_core.package_identification:_identify(video_perception_test) by extension 'ignore'
[0.099s] Level 1:colcon.colcon_core.package_identification:_identify(video_perception_test) by extension 'ignore_ament_install'
[0.099s] Level 1:colcon.colcon_core.package_identification:_identify(video_perception_test) by extensions ['colcon_pkg']
[0.099s] Level 1:colcon.colcon_core.package_identification:_identify(video_perception_test) by extension 'colcon_pkg'
[0.099s] Level 1:colcon.colcon_core.package_identification:_identify(video_perception_test) by extensions ['colcon_meta']
[0.099s] Level 1:colcon.colcon_core.package_identification:_identify(video_perception_test) by extension 'colcon_meta'
[0.099s] Level 1:colcon.colcon_core.package_identification:_identify(video_perception_test) by extensions ['ros']
[0.099s] Level 1:colcon.colcon_core.package_identification:_identify(video_perception_test) by extension 'ros'
[0.099s] DEBUG:colcon.colcon_core.package_identification:Package 'video_perception_test' with type 'ros.ament_python' and name 'video_perception_test'
[0.099s] Level 1:colcon.colcon_core.package_discovery:discover_packages(recursive) using defaults
[0.099s] Level 1:colcon.colcon_core.package_discovery:discover_packages(ignore) discover
[0.099s] Level 1:colcon.colcon_core.package_discovery:discover_packages(ignore) using defaults
[0.099s] Level 1:colcon.colcon_core.package_discovery:discover_packages(path) discover
[0.099s] Level 1:colcon.colcon_core.package_discovery:discover_packages(path) using defaults
[0.109s] Level 1:colcon.colcon_core.package_discovery:discover_packages(prefix_path) check parameters
[0.109s] Level 1:colcon.colcon_core.package_discovery:discover_packages(prefix_path) discover
[0.109s] DEBUG:colcon.colcon_installed_package_information.package_discovery:Found 9 installed packages in /home/qor/urrc_hanla/race_autonomy/ros2_ws/install
[0.110s] DEBUG:colcon.colcon_installed_package_information.package_discovery:Found 1 installed packages in /home/qor/mcu_ws/install
[0.110s] DEBUG:colcon.colcon_installed_package_information.package_discovery:Found 406 installed packages in /opt/ros/jazzy
[0.111s] Level 1:colcon.colcon_core.package_discovery:discover_packages(prefix_path) using defaults
[0.131s] Level 5:colcon.colcon_core.verb:set package 'camera_bringup' build argument 'cmake_args' from command line to 'None'
[0.131s] Level 5:colcon.colcon_core.verb:set package 'camera_bringup' build argument 'cmake_target' from command line to 'None'
[0.131s] Level 5:colcon.colcon_core.verb:set package 'camera_bringup' build argument 'cmake_target_skip_unavailable' from command line to 'False'
[0.131s] Level 5:colcon.colcon_core.verb:set package 'camera_bringup' build argument 'cmake_clean_cache' from command line to 'False'
[0.131s] Level 5:colcon.colcon_core.verb:set package 'camera_bringup' build argument 'cmake_clean_first' from command line to 'False'
[0.131s] Level 5:colcon.colcon_core.verb:set package 'camera_bringup' build argument 'cmake_force_configure' from command line to 'False'
[0.131s] Level 5:colcon.colcon_core.verb:set package 'camera_bringup' build argument 'ament_cmake_args' from command line to 'None'
[0.131s] Level 5:colcon.colcon_core.verb:set package 'camera_bringup' build argument 'catkin_cmake_args' from command line to 'None'
[0.131s] Level 5:colcon.colcon_core.verb:set package 'camera_bringup' build argument 'catkin_skip_building_tests' from command line to 'False'
[0.131s] DEBUG:colcon.colcon_core.verb:Building package 'camera_bringup' with the following arguments: {'ament_cmake_args': None, 'build_base': '/home/qor/urrc_hanla/.build/camera_bringup', 'catkin_cmake_args': None, 'catkin_skip_building_tests': False, 'cmake_args': None, 'cmake_clean_cache': False, 'cmake_clean_first': False, 'cmake_force_configure': False, 'cmake_target': None, 'cmake_target_skip_unavailable': False, 'install_base': '/home/qor/urrc_hanla/.install/camera_bringup', 'merge_install': False, 'path': '/home/qor/urrc_hanla/race_autonomy/ros2_ws/src/camera_bringup', 'symlink_install': True, 'test_result_base': None}
[0.131s] Level 5:colcon.colcon_core.verb:set package 'camera_navigation' build argument 'cmake_args' from command line to 'None'
[0.131s] Level 5:colcon.colcon_core.verb:set package 'camera_navigation' build argument 'cmake_target' from command line to 'None'
[0.131s] Level 5:colcon.colcon_core.verb:set package 'camera_navigation' build argument 'cmake_target_skip_unavailable' from command line to 'False'
[0.131s] Level 5:colcon.colcon_core.verb:set package 'camera_navigation' build argument 'cmake_clean_cache' from command line to 'False'
[0.131s] Level 5:colcon.colcon_core.verb:set package 'camera_navigation' build argument 'cmake_clean_first' from command line to 'False'
[0.131s] Level 5:colcon.colcon_core.verb:set package 'camera_navigation' build argument 'cmake_force_configure' from command line to 'False'
[0.132s] Level 5:colcon.colcon_core.verb:set package 'camera_navigation' build argument 'ament_cmake_args' from command line to 'None'
[0.132s] Level 5:colcon.colcon_core.verb:set package 'camera_navigation' build argument 'catkin_cmake_args' from command line to 'None'
[0.132s] Level 5:colcon.colcon_core.verb:set package 'camera_navigation' build argument 'catkin_skip_building_tests' from command line to 'False'
[0.132s] DEBUG:colcon.colcon_core.verb:Building package 'camera_navigation' with the following arguments: {'ament_cmake_args': None, 'build_base': '/home/qor/urrc_hanla/.build/camera_navigation', 'catkin_cmake_args': None, 'catkin_skip_building_tests': False, 'cmake_args': None, 'cmake_clean_cache': False, 'cmake_clean_first': False, 'cmake_force_configure': False, 'cmake_target': None, 'cmake_target_skip_unavailable': False, 'install_base': '/home/qor/urrc_hanla/.install/camera_navigation', 'merge_install': False, 'path': '/home/qor/urrc_hanla/race_autonomy/ros2_ws/src/camera_navigation', 'symlink_install': True, 'test_result_base': None}
[0.132s] Level 5:colcon.colcon_core.verb:set package 'camera_yolo_inference' build argument 'cmake_args' from command line to 'None'
[0.132s] Level 5:colcon.colcon_core.verb:set package 'camera_yolo_inference' build argument 'cmake_target' from command line to 'None'
[0.132s] Level 5:colcon.colcon_core.verb:set package 'camera_yolo_inference' build argument 'cmake_target_skip_unavailable' from command line to 'False'
[0.132s] Level 5:colcon.colcon_core.verb:set package 'camera_yolo_inference' build argument 'cmake_clean_cache' from command line to 'False'
[0.132s] Level 5:colcon.colcon_core.verb:set package 'camera_yolo_inference' build argument 'cmake_clean_first' from command line to 'False'
[0.132s] Level 5:colcon.colcon_core.verb:set package 'camera_yolo_inference' build argument 'cmake_force_configure' from command line to 'False'
[0.132s] Level 5:colcon.colcon_core.verb:set package 'camera_yolo_inference' build argument 'ament_cmake_args' from command line to 'None'
[0.132s] Level 5:colcon.colcon_core.verb:set package 'camera_yolo_inference' build argument 'catkin_cmake_args' from command line to 'None'
[0.132s] Level 5:colcon.colcon_core.verb:set package 'camera_yolo_inference' build argument 'catkin_skip_building_tests' from command line to 'False'
[0.132s] DEBUG:colcon.colcon_core.verb:Building package 'camera_yolo_inference' with the following arguments: {'ament_cmake_args': None, 'build_base': '/home/qor/urrc_hanla/.build/camera_yolo_inference', 'catkin_cmake_args': None, 'catkin_skip_building_tests': False, 'cmake_args': None, 'cmake_clean_cache': False, 'cmake_clean_first': False, 'cmake_force_configure': False, 'cmake_target': None, 'cmake_target_skip_unavailable': False, 'install_base': '/home/qor/urrc_hanla/.install/camera_yolo_inference', 'merge_install': False, 'path': '/home/qor/urrc_hanla/race_autonomy/ros2_ws/src/camera_yolo_inference', 'symlink_install': True, 'test_result_base': None}
[0.132s] Level 5:colcon.colcon_core.verb:set package 'gazebo_car_description' build argument 'cmake_args' from command line to 'None'
[0.132s] Level 5:colcon.colcon_core.verb:set package 'gazebo_car_description' build argument 'cmake_target' from command line to 'None'
[0.132s] Level 5:colcon.colcon_core.verb:set package 'gazebo_car_description' build argument 'cmake_target_skip_unavailable' from command line to 'False'
[0.132s] Level 5:colcon.colcon_core.verb:set package 'gazebo_car_description' build argument 'cmake_clean_cache' from command line to 'False'
[0.132s] Level 5:colcon.colcon_core.verb:set package 'gazebo_car_description' build argument 'cmake_clean_first' from command line to 'False'
[0.132s] Level 5:colcon.colcon_core.verb:set package 'gazebo_car_description' build argument 'cmake_force_configure' from command line to 'False'
[0.132s] Level 5:colcon.colcon_core.verb:set package 'gazebo_car_description' build argument 'ament_cmake_args' from command line to 'None'
[0.132s] Level 5:colcon.colcon_core.verb:set package 'gazebo_car_description' build argument 'catkin_cmake_args' from command line to 'None'
[0.132s] Level 5:colcon.colcon_core.verb:set package 'gazebo_car_description' build argument 'catkin_skip_building_tests' from command line to 'False'
[0.132s] DEBUG:colcon.colcon_core.verb:Building package 'gazebo_car_description' with the following arguments: {'ament_cmake_args': None, 'build_base': '/home/qor/urrc_hanla/.build/gazebo_car_description', 'catkin_cmake_args': None, 'catkin_skip_building_tests': False, 'cmake_args': None, 'cmake_clean_cache': False, 'cmake_clean_first': False, 'cmake_force_configure': False, 'cmake_target': None, 'cmake_target_skip_unavailable': False, 'install_base': '/home/qor/urrc_hanla/.install/gazebo_car_description', 'merge_install': False, 'path': '/home/qor/urrc_hanla/race_autonomy/ros2_ws/src/gazebo_car_description', 'symlink_install': True, 'test_result_base': None}
[0.132s] Level 5:colcon.colcon_core.verb:set package 'imu_manager' build argument 'cmake_args' from command line to 'None'
[0.132s] Level 5:colcon.colcon_core.verb:set package 'imu_manager' build argument 'cmake_target' from command line to 'None'
[0.132s] Level 5:colcon.colcon_core.verb:set package 'imu_manager' build argument 'cmake_target_skip_unavailable' from command line to 'False'
[0.132s] Level 5:colcon.colcon_core.verb:set package 'imu_manager' build argument 'cmake_clean_cache' from command line to 'False'
[0.132s] Level 5:colcon.colcon_core.verb:set package 'imu_manager' build argument 'cmake_clean_first' from command line to 'False'
[0.132s] Level 5:colcon.colcon_core.verb:set package 'imu_manager' build argument 'cmake_force_configure' from command line to 'False'
[0.132s] Level 5:colcon.colcon_core.verb:set package 'imu_manager' build argument 'ament_cmake_args' from command line to 'None'
[0.132s] Level 5:colcon.colcon_core.verb:set package 'imu_manager' build argument 'catkin_cmake_args' from command line to 'None'
[0.132s] Level 5:colcon.colcon_core.verb:set package 'imu_manager' build argument 'catkin_skip_building_tests' from command line to 'False'
[0.132s] DEBUG:colcon.colcon_core.verb:Building package 'imu_manager' with the following arguments: {'ament_cmake_args': None, 'build_base': '/home/qor/urrc_hanla/.build/imu_manager', 'catkin_cmake_args': None, 'catkin_skip_building_tests': False, 'cmake_args': None, 'cmake_clean_cache': False, 'cmake_clean_first': False, 'cmake_force_configure': False, 'cmake_target': None, 'cmake_target_skip_unavailable': False, 'install_base': '/home/qor/urrc_hanla/.install/imu_manager', 'merge_install': False, 'path': '/home/qor/urrc_hanla/race_autonomy/ros2_ws/src/imu_manager', 'symlink_install': True, 'test_result_base': None}
[0.132s] Level 5:colcon.colcon_core.verb:set package 'race_interfaces' build argument 'cmake_args' from command line to 'None'
[0.132s] Level 5:colcon.colcon_core.verb:set package 'race_interfaces' build argument 'cmake_target' from command line to 'None'
[0.132s] Level 5:colcon.colcon_core.verb:set package 'race_interfaces' build argument 'cmake_target_skip_unavailable' from command line to 'False'
[0.132s] Level 5:colcon.colcon_core.verb:set package 'race_interfaces' build argument 'cmake_clean_cache' from command line to 'False'
[0.132s] Level 5:colcon.colcon_core.verb:set package 'race_interfaces' build argument 'cmake_clean_first' from command line to 'False'
[0.132s] Level 5:colcon.colcon_core.verb:set package 'race_interfaces' build argument 'cmake_force_configure' from command line to 'False'
[0.132s] Level 5:colcon.colcon_core.verb:set package 'race_interfaces' build argument 'ament_cmake_args' from command line to 'None'
[0.132s] Level 5:colcon.colcon_core.verb:set package 'race_interfaces' build argument 'catkin_cmake_args' from command line to 'None'
[0.132s] Level 5:colcon.colcon_core.verb:set package 'race_interfaces' build argument 'catkin_skip_building_tests' from command line to 'False'
[0.132s] DEBUG:colcon.colcon_core.verb:Building package 'race_interfaces' with the following arguments: {'ament_cmake_args': None, 'build_base': '/home/qor/urrc_hanla/.build/race_interfaces', 'catkin_cmake_args': None, 'catkin_skip_building_tests': False, 'cmake_args': None, 'cmake_clean_cache': False, 'cmake_clean_first': False, 'cmake_force_configure': False, 'cmake_target': None, 'cmake_target_skip_unavailable': False, 'install_base': '/home/qor/urrc_hanla/.install/race_interfaces', 'merge_install': False, 'path': '/home/qor/urrc_hanla/race_autonomy/ros2_ws/src/race_interfaces', 'symlink_install': True, 'test_result_base': None}
[0.132s] Level 5:colcon.colcon_core.verb:set package 'race_perception' build argument 'cmake_args' from command line to 'None'
[0.132s] Level 5:colcon.colcon_core.verb:set package 'race_perception' build argument 'cmake_target' from command line to 'None'
[0.132s] Level 5:colcon.colcon_core.verb:set package 'race_perception' build argument 'cmake_target_skip_unavailable' from command line to 'False'
[0.132s] Level 5:colcon.colcon_core.verb:set package 'race_perception' build argument 'cmake_clean_cache' from command line to 'False'
[0.132s] Level 5:colcon.colcon_core.verb:set package 'race_perception' build argument 'cmake_clean_first' from command line to 'False'
[0.132s] Level 5:colcon.colcon_core.verb:set package 'race_perception' build argument 'cmake_force_configure' from command line to 'False'
[0.132s] Level 5:colcon.colcon_core.verb:set package 'race_perception' build argument 'ament_cmake_args' from command line to 'None'
[0.132s] Level 5:colcon.colcon_core.verb:set package 'race_perception' build argument 'catkin_cmake_args' from command line to 'None'
[0.132s] Level 5:colcon.colcon_core.verb:set package 'race_perception' build argument 'catkin_skip_building_tests' from command line to 'False'
[0.132s] DEBUG:colcon.colcon_core.verb:Building package 'race_perception' with the following arguments: {'ament_cmake_args': None, 'build_base': '/home/qor/urrc_hanla/.build/race_perception', 'catkin_cmake_args': None, 'catkin_skip_building_tests': False, 'cmake_args': None, 'cmake_clean_cache': False, 'cmake_clean_first': False, 'cmake_force_configure': False, 'cmake_target': None, 'cmake_target_skip_unavailable': False, 'install_base': '/home/qor/urrc_hanla/.install/race_perception', 'merge_install': False, 'path': '/home/qor/urrc_hanla/race_autonomy/ros2_ws/src/race_perception', 'symlink_install': True, 'test_result_base': None}
[0.132s] Level 5:colcon.colcon_core.verb:set package 'race_vehicle_interface' build argument 'cmake_args' from command line to 'None'
[0.132s] Level 5:colcon.colcon_core.verb:set package 'race_vehicle_interface' build argument 'cmake_target' from command line to 'None'
[0.132s] Level 5:colcon.colcon_core.verb:set package 'race_vehicle_interface' build argument 'cmake_target_skip_unavailable' from command line to 'False'
[0.132s] Level 5:colcon.colcon_core.verb:set package 'race_vehicle_interface' build argument 'cmake_clean_cache' from command line to 'False'
[0.132s] Level 5:colcon.colcon_core.verb:set package 'race_vehicle_interface' build argument 'cmake_clean_first' from command line to 'False'
[0.132s] Level 5:colcon.colcon_core.verb:set package 'race_vehicle_interface' build argument 'cmake_force_configure' from command line to 'False'
[0.132s] Level 5:colcon.colcon_core.verb:set package 'race_vehicle_interface' build argument 'ament_cmake_args' from command line to 'None'
[0.132s] Level 5:colcon.colcon_core.verb:set package 'race_vehicle_interface' build argument 'catkin_cmake_args' from command line to 'None'
[0.132s] Level 5:colcon.colcon_core.verb:set package 'race_vehicle_interface' build argument 'catkin_skip_building_tests' from command line to 'False'
[0.132s] DEBUG:colcon.colcon_core.verb:Building package 'race_vehicle_interface' with the following arguments: {'ament_cmake_args': None, 'build_base': '/home/qor/urrc_hanla/.build/race_vehicle_interface', 'catkin_cmake_args': None, 'catkin_skip_building_tests': False, 'cmake_args': None, 'cmake_clean_cache': False, 'cmake_clean_first': False, 'cmake_force_configure': False, 'cmake_target': None, 'cmake_target_skip_unavailable': False, 'install_base': '/home/qor/urrc_hanla/.install/race_vehicle_interface', 'merge_install': False, 'path': '/home/qor/urrc_hanla/race_autonomy/ros2_ws/src/race_vehicle_interface', 'symlink_install': True, 'test_result_base': None}
[0.133s] Level 5:colcon.colcon_core.verb:set package 'race_control' build argument 'cmake_args' from command line to 'None'
[0.133s] Level 5:colcon.colcon_core.verb:set package 'race_control' build argument 'cmake_target' from command line to 'None'
[0.133s] Level 5:colcon.colcon_core.verb:set package 'race_control' build argument 'cmake_target_skip_unavailable' from command line to 'False'
[0.133s] Level 5:colcon.colcon_core.verb:set package 'race_control' build argument 'cmake_clean_cache' from command line to 'False'
[0.133s] Level 5:colcon.colcon_core.verb:set package 'race_control' build argument 'cmake_clean_first' from command line to 'False'
[0.133s] Level 5:colcon.colcon_core.verb:set package 'race_control' build argument 'cmake_force_configure' from command line to 'False'
[0.133s] Level 5:colcon.colcon_core.verb:set package 'race_control' build argument 'ament_cmake_args' from command line to 'None'
[0.133s] Level 5:colcon.colcon_core.verb:set package 'race_control' build argument 'catkin_cmake_args' from command line to 'None'
[0.133s] Level 5:colcon.colcon_core.verb:set package 'race_control' build argument 'catkin_skip_building_tests' from command line to 'False'
[0.133s] DEBUG:colcon.colcon_core.verb:Building package 'race_control' with the following arguments: {'ament_cmake_args': None, 'build_base': '/home/qor/urrc_hanla/.build/race_control', 'catkin_cmake_args': None, 'catkin_skip_building_tests': False, 'cmake_args': None, 'cmake_clean_cache': False, 'cmake_clean_first': False, 'cmake_force_configure': False, 'cmake_target': None, 'cmake_target_skip_unavailable': False, 'install_base': '/home/qor/urrc_hanla/.install/race_control', 'merge_install': False, 'path': '/home/qor/urrc_hanla/race_autonomy/ros2_ws/src/race_control', 'symlink_install': True, 'test_result_base': None}
[0.133s] Level 5:colcon.colcon_core.verb:set package 'video_perception_test' build argument 'cmake_args' from command line to 'None'
[0.133s] Level 5:colcon.colcon_core.verb:set package 'video_perception_test' build argument 'cmake_target' from command line to 'None'
[0.133s] Level 5:colcon.colcon_core.verb:set package 'video_perception_test' build argument 'cmake_target_skip_unavailable' from command line to 'False'
[0.133s] Level 5:colcon.colcon_core.verb:set package 'video_perception_test' build argument 'cmake_clean_cache' from command line to 'False'
[0.133s] Level 5:colcon.colcon_core.verb:set package 'video_perception_test' build argument 'cmake_clean_first' from command line to 'False'
[0.133s] Level 5:colcon.colcon_core.verb:set package 'video_perception_test' build argument 'cmake_force_configure' from command line to 'False'
[0.133s] Level 5:colcon.colcon_core.verb:set package 'video_perception_test' build argument 'ament_cmake_args' from command line to 'None'
[0.133s] Level 5:colcon.colcon_core.verb:set package 'video_perception_test' build argument 'catkin_cmake_args' from command line to 'None'
[0.133s] Level 5:colcon.colcon_core.verb:set package 'video_perception_test' build argument 'catkin_skip_building_tests' from command line to 'False'
[0.133s] DEBUG:colcon.colcon_core.verb:Building package 'video_perception_test' with the following arguments: {'ament_cmake_args': None, 'build_base': '/home/qor/urrc_hanla/.build/video_perception_test', 'catkin_cmake_args': None, 'catkin_skip_building_tests': False, 'cmake_args': None, 'cmake_clean_cache': False, 'cmake_clean_first': False, 'cmake_force_configure': False, 'cmake_target': None, 'cmake_target_skip_unavailable': False, 'install_base': '/home/qor/urrc_hanla/.install/video_perception_test', 'merge_install': False, 'path': '/home/qor/urrc_hanla/video_perception_test', 'symlink_install': True, 'test_result_base': None}
[0.133s] INFO:colcon.colcon_core.executor:Executing jobs using 'parallel' executor
[0.134s] DEBUG:colcon.colcon_parallel_executor.executor.parallel:run_until_complete
[0.134s] INFO:colcon.colcon_ros.task.ament_python.build:Building ROS package in '/home/qor/urrc_hanla/race_autonomy/ros2_ws/src/camera_yolo_inference' with build type 'ament_python'
[0.134s] Level 1:colcon.colcon_core.shell:create_environment_hook('camera_yolo_inference', 'ament_prefix_path')
[0.135s] INFO:colcon.colcon_core.plugin_system:Skipping extension 'colcon_core.shell.bat': Not used on non-Windows systems
[0.135s] INFO:colcon.colcon_core.shell:Creating environment hook '/home/qor/urrc_hanla/.install/camera_yolo_inference/share/camera_yolo_inference/hook/ament_prefix_path.ps1'
[0.135s] INFO:colcon.colcon_core.shell:Creating environment descriptor '/home/qor/urrc_hanla/.install/camera_yolo_inference/share/camera_yolo_inference/hook/ament_prefix_path.dsv'
[0.135s] INFO:colcon.colcon_core.shell:Creating environment hook '/home/qor/urrc_hanla/.install/camera_yolo_inference/share/camera_yolo_inference/hook/ament_prefix_path.sh'
[0.136s] INFO:colcon.colcon_core.shell:Skip shell extension 'powershell' for command environment: Not usable outside of PowerShell
[0.136s] DEBUG:colcon.colcon_core.shell:Skip shell extension 'dsv' for command environment
[0.138s] INFO:colcon.colcon_ros.task.ament_cmake.build:Building ROS package in '/home/qor/urrc_hanla/race_autonomy/ros2_ws/src/gazebo_car_description' with build type 'ament_cmake'
[0.138s] INFO:colcon.colcon_cmake.task.cmake.build:Building CMake package in '/home/qor/urrc_hanla/race_autonomy/ros2_ws/src/gazebo_car_description'
[0.138s] INFO:colcon.colcon_core.shell:Skip shell extension 'powershell' for command environment: Not usable outside of PowerShell
[0.138s] DEBUG:colcon.colcon_core.shell:Skip shell extension 'dsv' for command environment
[0.139s] INFO:colcon.colcon_ros.task.ament_cmake.build:Building ROS package in '/home/qor/urrc_hanla/race_autonomy/ros2_ws/src/race_interfaces' with build type 'ament_cmake'
[0.139s] INFO:colcon.colcon_cmake.task.cmake.build:Building CMake package in '/home/qor/urrc_hanla/race_autonomy/ros2_ws/src/race_interfaces'
[0.139s] INFO:colcon.colcon_core.shell:Skip shell extension 'powershell' for command environment: Not usable outside of PowerShell
[0.140s] DEBUG:colcon.colcon_core.shell:Skip shell extension 'dsv' for command environment
[0.141s] INFO:colcon.colcon_ros.task.ament_python.build:Building ROS package in '/home/qor/urrc_hanla/race_autonomy/ros2_ws/src/race_perception' with build type 'ament_python'
[0.141s] Level 1:colcon.colcon_core.shell:create_environment_hook('race_perception', 'ament_prefix_path')
[0.141s] INFO:colcon.colcon_core.shell:Creating environment hook '/home/qor/urrc_hanla/.install/race_perception/share/race_perception/hook/ament_prefix_path.ps1'
[0.141s] INFO:colcon.colcon_core.shell:Creating environment descriptor '/home/qor/urrc_hanla/.install/race_perception/share/race_perception/hook/ament_prefix_path.dsv'
[0.142s] INFO:colcon.colcon_core.shell:Creating environment hook '/home/qor/urrc_hanla/.install/race_perception/share/race_perception/hook/ament_prefix_path.sh'
[0.142s] INFO:colcon.colcon_core.shell:Skip shell extension 'powershell' for command environment: Not usable outside of PowerShell
[0.142s] DEBUG:colcon.colcon_core.shell:Skip shell extension 'dsv' for command environment
[0.143s] INFO:colcon.colcon_ros.task.ament_python.build:Building ROS package in '/home/qor/urrc_hanla/race_autonomy/ros2_ws/src/race_vehicle_interface' with build type 'ament_python'
[0.143s] Level 1:colcon.colcon_core.shell:create_environment_hook('race_vehicle_interface', 'ament_prefix_path')
[0.143s] INFO:colcon.colcon_core.shell:Creating environment hook '/home/qor/urrc_hanla/.install/race_vehicle_interface/share/race_vehicle_interface/hook/ament_prefix_path.ps1'
[0.144s] INFO:colcon.colcon_core.shell:Creating environment descriptor '/home/qor/urrc_hanla/.install/race_vehicle_interface/share/race_vehicle_interface/hook/ament_prefix_path.dsv'
[0.144s] INFO:colcon.colcon_core.shell:Creating environment hook '/home/qor/urrc_hanla/.install/race_vehicle_interface/share/race_vehicle_interface/hook/ament_prefix_path.sh'
[0.144s] INFO:colcon.colcon_core.shell:Skip shell extension 'powershell' for command environment: Not usable outside of PowerShell
[0.144s] DEBUG:colcon.colcon_core.shell:Skip shell extension 'dsv' for command environment
[0.145s] INFO:colcon.colcon_ros.task.ament_cmake.build:Building ROS package in '/home/qor/urrc_hanla/race_autonomy/ros2_ws/src/camera_bringup' with build type 'ament_cmake'
[0.146s] INFO:colcon.colcon_cmake.task.cmake.build:Building CMake package in '/home/qor/urrc_hanla/race_autonomy/ros2_ws/src/camera_bringup'
[0.146s] INFO:colcon.colcon_core.shell:Skip shell extension 'powershell' for command environment: Not usable outside of PowerShell
[0.146s] DEBUG:colcon.colcon_core.shell:Skip shell extension 'dsv' for command environment
[0.147s] INFO:colcon.colcon_ros.task.ament_python.build:Building ROS package in '/home/qor/urrc_hanla/race_autonomy/ros2_ws/src/camera_navigation' with build type 'ament_python'
[0.147s] Level 1:colcon.colcon_core.shell:create_environment_hook('camera_navigation', 'ament_prefix_path')
[0.147s] INFO:colcon.colcon_core.shell:Creating environment hook '/home/qor/urrc_hanla/.install/camera_navigation/share/camera_navigation/hook/ament_prefix_path.ps1'
[0.148s] INFO:colcon.colcon_core.shell:Creating environment descriptor '/home/qor/urrc_hanla/.install/camera_navigation/share/camera_navigation/hook/ament_prefix_path.dsv'
[0.148s] INFO:colcon.colcon_core.shell:Creating environment hook '/home/qor/urrc_hanla/.install/camera_navigation/share/camera_navigation/hook/ament_prefix_path.sh'
[0.148s] INFO:colcon.colcon_core.shell:Skip shell extension 'powershell' for command environment: Not usable outside of PowerShell
[0.148s] DEBUG:colcon.colcon_core.shell:Skip shell extension 'dsv' for command environment
[0.150s] INFO:colcon.colcon_ros.task.ament_python.build:Building ROS package in '/home/qor/urrc_hanla/race_autonomy/ros2_ws/src/imu_manager' with build type 'ament_python'
[0.150s] Level 1:colcon.colcon_core.shell:create_environment_hook('imu_manager', 'ament_prefix_path')
[0.150s] INFO:colcon.colcon_core.shell:Creating environment hook '/home/qor/urrc_hanla/.install/imu_manager/share/imu_manager/hook/ament_prefix_path.ps1'
[0.150s] INFO:colcon.colcon_core.shell:Creating environment descriptor '/home/qor/urrc_hanla/.install/imu_manager/share/imu_manager/hook/ament_prefix_path.dsv'
[0.150s] INFO:colcon.colcon_core.shell:Creating environment hook '/home/qor/urrc_hanla/.install/imu_manager/share/imu_manager/hook/ament_prefix_path.sh'
[0.150s] INFO:colcon.colcon_core.shell:Skip shell extension 'powershell' for command environment: Not usable outside of PowerShell
[0.150s] DEBUG:colcon.colcon_core.shell:Skip shell extension 'dsv' for command environment
[0.265s] INFO:colcon.colcon_core.task.python.build:Building Python package in '/home/qor/urrc_hanla/race_autonomy/ros2_ws/src/camera_yolo_inference'
[0.265s] INFO:colcon.colcon_core.shell:Skip shell extension 'powershell' for command environment: Not usable outside of PowerShell
[0.265s] DEBUG:colcon.colcon_core.shell:Skip shell extension 'dsv' for command environment
[0.269s] DEBUG:colcon.colcon_core.event_handler.log_command:Invoking command in '/home/qor/urrc_hanla/.build/gazebo_car_description': CMAKE_PREFIX_PATH=${CMAKE_PREFIX_PATH}:/home/qor/urrc_hanla/race_autonomy/ros2_ws/install/race_control:/home/qor/urrc_hanla/race_autonomy/ros2_ws/install/race_vehicle_interface:/home/qor/urrc_hanla/race_autonomy/ros2_ws/install/race_perception:/home/qor/urrc_hanla/race_autonomy/ros2_ws/install/imu_manager:/home/qor/urrc_hanla/race_autonomy/ros2_ws/install/camera_yolo_inference:/home/qor/urrc_hanla/race_autonomy/ros2_ws/install/camera_navigation:/home/qor/mcu_ws/install/mcu_serial_bridge:/opt/ros/jazzy DEBUGINFOD_URLS=https://debuginfod.ubuntu.com /usr/bin/cmake /home/qor/urrc_hanla/race_autonomy/ros2_ws/src/gazebo_car_description -DAMENT_CMAKE_SYMLINK_INSTALL=1 -DCMAKE_INSTALL_PREFIX=/home/qor/urrc_hanla/.install/gazebo_car_description
[0.269s] DEBUG:colcon.colcon_core.event_handler.log_command:Invoking command in '/home/qor/urrc_hanla/.build/race_interfaces': CMAKE_PREFIX_PATH=${CMAKE_PREFIX_PATH}:/home/qor/urrc_hanla/race_autonomy/ros2_ws/install/race_control:/home/qor/urrc_hanla/race_autonomy/ros2_ws/install/race_vehicle_interface:/home/qor/urrc_hanla/race_autonomy/ros2_ws/install/race_perception:/home/qor/urrc_hanla/race_autonomy/ros2_ws/install/imu_manager:/home/qor/urrc_hanla/race_autonomy/ros2_ws/install/camera_yolo_inference:/home/qor/urrc_hanla/race_autonomy/ros2_ws/install/camera_navigation:/home/qor/mcu_ws/install/mcu_serial_bridge:/opt/ros/jazzy DEBUGINFOD_URLS=https://debuginfod.ubuntu.com /usr/bin/cmake /home/qor/urrc_hanla/race_autonomy/ros2_ws/src/race_interfaces -DAMENT_CMAKE_SYMLINK_INSTALL=1 -DCMAKE_INSTALL_PREFIX=/home/qor/urrc_hanla/.install/race_interfaces
[0.398s] INFO:colcon.colcon_core.task.python.build:Building Python package in '/home/qor/urrc_hanla/race_autonomy/ros2_ws/src/race_perception'
[0.398s] INFO:colcon.colcon_core.shell:Skip shell extension 'powershell' for command environment: Not usable outside of PowerShell
[0.398s] DEBUG:colcon.colcon_core.shell:Skip shell extension 'dsv' for command environment
[0.520s] INFO:colcon.colcon_core.task.python.build:Building Python package in '/home/qor/urrc_hanla/race_autonomy/ros2_ws/src/race_vehicle_interface'
[0.521s] INFO:colcon.colcon_core.shell:Skip shell extension 'powershell' for command environment: Not usable outside of PowerShell
[0.521s] DEBUG:colcon.colcon_core.shell:Skip shell extension 'dsv' for command environment
[0.524s] DEBUG:colcon.colcon_core.event_handler.log_command:Invoking command in '/home/qor/urrc_hanla/.build/camera_bringup': CMAKE_PREFIX_PATH=${CMAKE_PREFIX_PATH}:/home/qor/urrc_hanla/race_autonomy/ros2_ws/install/race_control:/home/qor/urrc_hanla/race_autonomy/ros2_ws/install/race_vehicle_interface:/home/qor/urrc_hanla/race_autonomy/ros2_ws/install/race_perception:/home/qor/urrc_hanla/race_autonomy/ros2_ws/install/imu_manager:/home/qor/urrc_hanla/race_autonomy/ros2_ws/install/camera_yolo_inference:/home/qor/urrc_hanla/race_autonomy/ros2_ws/install/camera_navigation:/home/qor/mcu_ws/install/mcu_serial_bridge:/opt/ros/jazzy DEBUGINFOD_URLS=https://debuginfod.ubuntu.com /usr/bin/cmake /home/qor/urrc_hanla/race_autonomy/ros2_ws/src/camera_bringup -DAMENT_CMAKE_SYMLINK_INSTALL=1 -DCMAKE_INSTALL_PREFIX=/home/qor/urrc_hanla/.install/camera_bringup
[0.650s] INFO:colcon.colcon_core.task.python.build:Building Python package in '/home/qor/urrc_hanla/race_autonomy/ros2_ws/src/camera_navigation'
[0.650s] INFO:colcon.colcon_core.shell:Skip shell extension 'powershell' for command environment: Not usable outside of PowerShell
[0.650s] DEBUG:colcon.colcon_core.shell:Skip shell extension 'dsv' for command environment
[0.783s] INFO:colcon.colcon_core.task.python.build:Building Python package in '/home/qor/urrc_hanla/race_autonomy/ros2_ws/src/imu_manager'
[0.783s] INFO:colcon.colcon_core.shell:Skip shell extension 'powershell' for command environment: Not usable outside of PowerShell
[0.783s] DEBUG:colcon.colcon_core.shell:Skip shell extension 'dsv' for command environment
[0.789s] DEBUG:colcon.colcon_core.event_handler.log_command:Invoked command in '/home/qor/urrc_hanla/.build/gazebo_car_description' returned '0': CMAKE_PREFIX_PATH=${CMAKE_PREFIX_PATH}:/home/qor/urrc_hanla/race_autonomy/ros2_ws/install/race_control:/home/qor/urrc_hanla/race_autonomy/ros2_ws/install/race_vehicle_interface:/home/qor/urrc_hanla/race_autonomy/ros2_ws/install/race_perception:/home/qor/urrc_hanla/race_autonomy/ros2_ws/install/imu_manager:/home/qor/urrc_hanla/race_autonomy/ros2_ws/install/camera_yolo_inference:/home/qor/urrc_hanla/race_autonomy/ros2_ws/install/camera_navigation:/home/qor/mcu_ws/install/mcu_serial_bridge:/opt/ros/jazzy DEBUGINFOD_URLS=https://debuginfod.ubuntu.com /usr/bin/cmake /home/qor/urrc_hanla/race_autonomy/ros2_ws/src/gazebo_car_description -DAMENT_CMAKE_SYMLINK_INSTALL=1 -DCMAKE_INSTALL_PREFIX=/home/qor/urrc_hanla/.install/gazebo_car_description
[0.790s] DEBUG:colcon.colcon_core.event_handler.log_command:Invoking command in '/home/qor/urrc_hanla/.build/gazebo_car_description': CMAKE_PREFIX_PATH=${CMAKE_PREFIX_PATH}:/home/qor/urrc_hanla/race_autonomy/ros2_ws/install/race_control:/home/qor/urrc_hanla/race_autonomy/ros2_ws/install/race_vehicle_interface:/home/qor/urrc_hanla/race_autonomy/ros2_ws/install/race_perception:/home/qor/urrc_hanla/race_autonomy/ros2_ws/install/imu_manager:/home/qor/urrc_hanla/race_autonomy/ros2_ws/install/camera_yolo_inference:/home/qor/urrc_hanla/race_autonomy/ros2_ws/install/camera_navigation:/home/qor/mcu_ws/install/mcu_serial_bridge:/opt/ros/jazzy DEBUGINFOD_URLS=https://debuginfod.ubuntu.com /usr/bin/cmake --build /home/qor/urrc_hanla/.build/gazebo_car_description -- -j24 -l24
[0.819s] DEBUG:colcon.colcon_core.event_handler.log_command:Invoked command in '/home/qor/urrc_hanla/.build/gazebo_car_description' returned '0': CMAKE_PREFIX_PATH=${CMAKE_PREFIX_PATH}:/home/qor/urrc_hanla/race_autonomy/ros2_ws/install/race_control:/home/qor/urrc_hanla/race_autonomy/ros2_ws/install/race_vehicle_interface:/home/qor/urrc_hanla/race_autonomy/ros2_ws/install/race_perception:/home/qor/urrc_hanla/race_autonomy/ros2_ws/install/imu_manager:/home/qor/urrc_hanla/race_autonomy/ros2_ws/install/camera_yolo_inference:/home/qor/urrc_hanla/race_autonomy/ros2_ws/install/camera_navigation:/home/qor/mcu_ws/install/mcu_serial_bridge:/opt/ros/jazzy DEBUGINFOD_URLS=https://debuginfod.ubuntu.com /usr/bin/cmake --build /home/qor/urrc_hanla/.build/gazebo_car_description -- -j24 -l24
[0.827s] DEBUG:colcon.colcon_core.event_handler.log_command:Invoking command in '/home/qor/urrc_hanla/.build/gazebo_car_description': CMAKE_PREFIX_PATH=${CMAKE_PREFIX_PATH}:/home/qor/urrc_hanla/race_autonomy/ros2_ws/install/race_control:/home/qor/urrc_hanla/race_autonomy/ros2_ws/install/race_vehicle_interface:/home/qor/urrc_hanla/race_autonomy/ros2_ws/install/race_perception:/home/qor/urrc_hanla/race_autonomy/ros2_ws/install/imu_manager:/home/qor/urrc_hanla/race_autonomy/ros2_ws/install/camera_yolo_inference:/home/qor/urrc_hanla/race_autonomy/ros2_ws/install/camera_navigation:/home/qor/mcu_ws/install/mcu_serial_bridge:/opt/ros/jazzy DEBUGINFOD_URLS=https://debuginfod.ubuntu.com /usr/bin/cmake --install /home/qor/urrc_hanla/.build/gazebo_car_description
[0.997s] DEBUG:colcon.colcon_core.event_handler.log_command:Invoked command in '/home/qor/urrc_hanla/.build/camera_bringup' returned '0': CMAKE_PREFIX_PATH=${CMAKE_PREFIX_PATH}:/home/qor/urrc_hanla/race_autonomy/ros2_ws/install/race_control:/home/qor/urrc_hanla/race_autonomy/ros2_ws/install/race_vehicle_interface:/home/qor/urrc_hanla/race_autonomy/ros2_ws/install/race_perception:/home/qor/urrc_hanla/race_autonomy/ros2_ws/install/imu_manager:/home/qor/urrc_hanla/race_autonomy/ros2_ws/install/camera_yolo_inference:/home/qor/urrc_hanla/race_autonomy/ros2_ws/install/camera_navigation:/home/qor/mcu_ws/install/mcu_serial_bridge:/opt/ros/jazzy DEBUGINFOD_URLS=https://debuginfod.ubuntu.com /usr/bin/cmake /home/qor/urrc_hanla/race_autonomy/ros2_ws/src/camera_bringup -DAMENT_CMAKE_SYMLINK_INSTALL=1 -DCMAKE_INSTALL_PREFIX=/home/qor/urrc_hanla/.install/camera_bringup
[0.999s] DEBUG:colcon.colcon_core.event_handler.log_command:Invoking command in '/home/qor/urrc_hanla/.build/camera_bringup': CMAKE_PREFIX_PATH=${CMAKE_PREFIX_PATH}:/home/qor/urrc_hanla/race_autonomy/ros2_ws/install/race_control:/home/qor/urrc_hanla/race_autonomy/ros2_ws/install/race_vehicle_interface:/home/qor/urrc_hanla/race_autonomy/ros2_ws/install/race_perception:/home/qor/urrc_hanla/race_autonomy/ros2_ws/install/imu_manager:/home/qor/urrc_hanla/race_autonomy/ros2_ws/install/camera_yolo_inference:/home/qor/urrc_hanla/race_autonomy/ros2_ws/install/camera_navigation:/home/qor/mcu_ws/install/mcu_serial_bridge:/opt/ros/jazzy DEBUGINFOD_URLS=https://debuginfod.ubuntu.com /usr/bin/cmake --build /home/qor/urrc_hanla/.build/camera_bringup -- -j24 -l24
[1.025s] DEBUG:colcon.colcon_core.task.python.build:Available setuptools commands: build_ext, install_scripts, update_catalog, build_clib, setopt, egg_info, rotate, clean, easy_install, extract_messages, alias, install_lib, check, develop, bdist_wheel, install_egg_info, saveopts, bdist_egg, dist_info, build_py, build, sdist, bdist_dumb, install_data, install_headers, compile_catalog, init_catalog, install, bdist, symlink_data, build_scripts, bdist_rpm, editable_wheel
[1.026s] DEBUG:colcon.colcon_core.event_handler.log_command:Invoked command in '/home/qor/urrc_hanla/.build/camera_bringup' returned '0': CMAKE_PREFIX_PATH=${CMAKE_PREFIX_PATH}:/home/qor/urrc_hanla/race_autonomy/ros2_ws/install/race_control:/home/qor/urrc_hanla/race_autonomy/ros2_ws/install/race_vehicle_interface:/home/qor/urrc_hanla/race_autonomy/ros2_ws/install/race_perception:/home/qor/urrc_hanla/race_autonomy/ros2_ws/install/imu_manager:/home/qor/urrc_hanla/race_autonomy/ros2_ws/install/camera_yolo_inference:/home/qor/urrc_hanla/race_autonomy/ros2_ws/install/camera_navigation:/home/qor/mcu_ws/install/mcu_serial_bridge:/opt/ros/jazzy DEBUGINFOD_URLS=https://debuginfod.ubuntu.com /usr/bin/cmake --build /home/qor/urrc_hanla/.build/camera_bringup -- -j24 -l24
[1.027s] DEBUG:colcon.colcon_core.event_handler.log_command:Invoking command in '/home/qor/urrc_hanla/.build/camera_bringup': CMAKE_PREFIX_PATH=${CMAKE_PREFIX_PATH}:/home/qor/urrc_hanla/race_autonomy/ros2_ws/install/race_control:/home/qor/urrc_hanla/race_autonomy/ros2_ws/install/race_vehicle_interface:/home/qor/urrc_hanla/race_autonomy/ros2_ws/install/race_perception:/home/qor/urrc_hanla/race_autonomy/ros2_ws/install/imu_manager:/home/qor/urrc_hanla/race_autonomy/ros2_ws/install/camera_yolo_inference:/home/qor/urrc_hanla/race_autonomy/ros2_ws/install/camera_navigation:/home/qor/mcu_ws/install/mcu_serial_bridge:/opt/ros/jazzy DEBUGINFOD_URLS=https://debuginfod.ubuntu.com /usr/bin/cmake --install /home/qor/urrc_hanla/.build/camera_bringup
[1.028s] DEBUG:colcon.colcon_core.task.python.build:Available setuptools commands: build_ext, install_scripts, update_catalog, build_clib, setopt, egg_info, rotate, clean, easy_install, extract_messages, alias, install_lib, check, develop, bdist_wheel, install_egg_info, saveopts, bdist_egg, dist_info, build_py, build, sdist, bdist_dumb, install_data, install_headers, compile_catalog, init_catalog, install, bdist, symlink_data, build_scripts, bdist_rpm, editable_wheel
[1.028s] DEBUG:colcon.colcon_core.task.python.build:Available setuptools commands: build_ext, install_scripts, update_catalog, build_clib, setopt, egg_info, rotate, clean, easy_install, extract_messages, alias, install_lib, check, develop, bdist_wheel, install_egg_info, saveopts, bdist_egg, dist_info, build_py, build, sdist, bdist_dumb, install_data, install_headers, compile_catalog, init_catalog, install, bdist, symlink_data, build_scripts, bdist_rpm, editable_wheel
[1.045s] DEBUG:colcon.colcon_core.task.python.build:Available setuptools commands: build_ext, install_scripts, update_catalog, build_clib, setopt, egg_info, rotate, clean, easy_install, extract_messages, alias, install_lib, check, develop, bdist_wheel, install_egg_info, saveopts, bdist_egg, dist_info, build_py, build, sdist, bdist_dumb, install_data, install_headers, compile_catalog, init_catalog, install, bdist, symlink_data, build_scripts, bdist_rpm, editable_wheel
[1.061s] DEBUG:colcon.colcon_core.task.python.build:Available setuptools commands: build_ext, install_scripts, update_catalog, build_clib, setopt, egg_info, rotate, clean, easy_install, extract_messages, alias, install_lib, check, develop, bdist_wheel, install_egg_info, saveopts, bdist_egg, dist_info, build_py, build, sdist, bdist_dumb, install_data, install_headers, compile_catalog, init_catalog, install, bdist, symlink_data, build_scripts, bdist_rpm, editable_wheel
[1.137s] Level 1:colcon.colcon_core.environment:create_environment_scripts_only(gazebo_car_description)
[1.138s] DEBUG:colcon.colcon_core.event_handler.log_command:Invoked command in '/home/qor/urrc_hanla/.build/gazebo_car_description' returned '0': CMAKE_PREFIX_PATH=${CMAKE_PREFIX_PATH}:/home/qor/urrc_hanla/race_autonomy/ros2_ws/install/race_control:/home/qor/urrc_hanla/race_autonomy/ros2_ws/install/race_vehicle_interface:/home/qor/urrc_hanla/race_autonomy/ros2_ws/install/race_perception:/home/qor/urrc_hanla/race_autonomy/ros2_ws/install/imu_manager:/home/qor/urrc_hanla/race_autonomy/ros2_ws/install/camera_yolo_inference:/home/qor/urrc_hanla/race_autonomy/ros2_ws/install/camera_navigation:/home/qor/mcu_ws/install/mcu_serial_bridge:/opt/ros/jazzy DEBUGINFOD_URLS=https://debuginfod.ubuntu.com /usr/bin/cmake --install /home/qor/urrc_hanla/.build/gazebo_car_description
[1.138s] Level 1:colcon.colcon_core.environment:checking '/home/qor/urrc_hanla/.install/gazebo_car_description' for CMake module files
[1.139s] Level 1:colcon.colcon_core.environment:checking '/home/qor/urrc_hanla/.install/gazebo_car_description' for CMake config files
[1.139s] Level 1:colcon.colcon_core.shell:create_environment_hook('gazebo_car_description', 'cmake_prefix_path')
[1.139s] INFO:colcon.colcon_core.shell:Creating environment hook '/home/qor/urrc_hanla/.install/gazebo_car_description/share/gazebo_car_description/hook/cmake_prefix_path.ps1'
[1.139s] INFO:colcon.colcon_core.shell:Creating environment descriptor '/home/qor/urrc_hanla/.install/gazebo_car_description/share/gazebo_car_description/hook/cmake_prefix_path.dsv'
[1.140s] INFO:colcon.colcon_core.shell:Creating environment hook '/home/qor/urrc_hanla/.install/gazebo_car_description/share/gazebo_car_description/hook/cmake_prefix_path.sh'
[1.140s] Level 1:colcon.colcon_core.environment:checking '/home/qor/urrc_hanla/.install/gazebo_car_description/lib'
[1.140s] Level 1:colcon.colcon_core.environment:checking '/home/qor/urrc_hanla/.install/gazebo_car_description/bin'
[1.140s] Level 1:colcon.colcon_core.environment:checking '/home/qor/urrc_hanla/.install/gazebo_car_description/lib/pkgconfig/gazebo_car_description.pc'
[1.140s] Level 1:colcon.colcon_core.environment:checking '/home/qor/urrc_hanla/.install/gazebo_car_description/lib/python3.12/site-packages'
[1.140s] Level 1:colcon.colcon_core.environment:checking '/home/qor/urrc_hanla/.install/gazebo_car_description/bin'
[1.140s] INFO:colcon.colcon_core.shell:Creating package script '/home/qor/urrc_hanla/.install/gazebo_car_description/share/gazebo_car_description/package.ps1'
[1.141s] INFO:colcon.colcon_core.shell:Creating package descriptor '/home/qor/urrc_hanla/.install/gazebo_car_description/share/gazebo_car_description/package.dsv'
[1.141s] INFO:colcon.colcon_core.shell:Creating package script '/home/qor/urrc_hanla/.install/gazebo_car_description/share/gazebo_car_description/package.sh'
[1.141s] INFO:colcon.colcon_core.shell:Creating package script '/home/qor/urrc_hanla/.install/gazebo_car_description/share/gazebo_car_description/package.bash'
[1.142s] INFO:colcon.colcon_core.shell:Creating package script '/home/qor/urrc_hanla/.install/gazebo_car_description/share/gazebo_car_description/package.zsh'
[1.142s] Level 1:colcon.colcon_core.environment:create_file_with_runtime_dependencies(/home/qor/urrc_hanla/.install/gazebo_car_description/share/colcon-core/packages/gazebo_car_description)
[1.143s] Level 1:colcon.colcon_core.environment:create_environment_scripts_only(gazebo_car_description)
[1.143s] Level 1:colcon.colcon_core.environment:checking '/home/qor/urrc_hanla/.install/gazebo_car_description' for CMake module files
[1.143s] Level 1:colcon.colcon_core.environment:checking '/home/qor/urrc_hanla/.install/gazebo_car_description' for CMake config files
[1.143s] Level 1:colcon.colcon_core.shell:create_environment_hook('gazebo_car_description', 'cmake_prefix_path')
[1.143s] INFO:colcon.colcon_core.shell:Creating environment hook '/home/qor/urrc_hanla/.install/gazebo_car_description/share/gazebo_car_description/hook/cmake_prefix_path.ps1'
[1.143s] INFO:colcon.colcon_core.shell:Creating environment descriptor '/home/qor/urrc_hanla/.install/gazebo_car_description/share/gazebo_car_description/hook/cmake_prefix_path.dsv'
[1.144s] INFO:colcon.colcon_core.shell:Creating environment hook '/home/qor/urrc_hanla/.install/gazebo_car_description/share/gazebo_car_description/hook/cmake_prefix_path.sh'
[1.144s] Level 1:colcon.colcon_core.environment:checking '/home/qor/urrc_hanla/.install/gazebo_car_description/lib'
[1.144s] Level 1:colcon.colcon_core.environment:checking '/home/qor/urrc_hanla/.install/gazebo_car_description/bin'
[1.144s] Level 1:colcon.colcon_core.environment:checking '/home/qor/urrc_hanla/.install/gazebo_car_description/lib/pkgconfig/gazebo_car_description.pc'
[1.144s] Level 1:colcon.colcon_core.environment:checking '/home/qor/urrc_hanla/.install/gazebo_car_description/lib/python3.12/site-packages'
[1.144s] Level 1:colcon.colcon_core.environment:checking '/home/qor/urrc_hanla/.install/gazebo_car_description/bin'
[1.144s] INFO:colcon.colcon_core.shell:Creating package script '/home/qor/urrc_hanla/.install/gazebo_car_description/share/gazebo_car_description/package.ps1'
[1.145s] INFO:colcon.colcon_core.shell:Creating package descriptor '/home/qor/urrc_hanla/.install/gazebo_car_description/share/gazebo_car_description/package.dsv'
[1.145s] INFO:colcon.colcon_core.shell:Creating package script '/home/qor/urrc_hanla/.install/gazebo_car_description/share/gazebo_car_description/package.sh'
[1.145s] INFO:colcon.colcon_core.shell:Creating package script '/home/qor/urrc_hanla/.install/gazebo_car_description/share/gazebo_car_description/package.bash'
[1.145s] INFO:colcon.colcon_core.shell:Creating package script '/home/qor/urrc_hanla/.install/gazebo_car_description/share/gazebo_car_description/package.zsh'
[1.146s] Level 1:colcon.colcon_core.environment:create_file_with_runtime_dependencies(/home/qor/urrc_hanla/.install/gazebo_car_description/share/colcon-core/packages/gazebo_car_description)
[1.148s] Level 1:colcon.colcon_core.environment:create_environment_scripts_only(camera_bringup)
[1.148s] Level 1:colcon.colcon_core.environment:checking '/home/qor/urrc_hanla/.install/camera_bringup' for CMake module files
[1.149s] Level 1:colcon.colcon_core.environment:checking '/home/qor/urrc_hanla/.install/camera_bringup' for CMake config files
[1.149s] DEBUG:colcon.colcon_core.event_handler.log_command:Invoked command in '/home/qor/urrc_hanla/.build/camera_bringup' returned '0': CMAKE_PREFIX_PATH=${CMAKE_PREFIX_PATH}:/home/qor/urrc_hanla/race_autonomy/ros2_ws/install/race_control:/home/qor/urrc_hanla/race_autonomy/ros2_ws/install/race_vehicle_interface:/home/qor/urrc_hanla/race_autonomy/ros2_ws/install/race_perception:/home/qor/urrc_hanla/race_autonomy/ros2_ws/install/imu_manager:/home/qor/urrc_hanla/race_autonomy/ros2_ws/install/camera_yolo_inference:/home/qor/urrc_hanla/race_autonomy/ros2_ws/install/camera_navigation:/home/qor/mcu_ws/install/mcu_serial_bridge:/opt/ros/jazzy DEBUGINFOD_URLS=https://debuginfod.ubuntu.com /usr/bin/cmake --install /home/qor/urrc_hanla/.build/camera_bringup
[1.149s] Level 1:colcon.colcon_core.shell:create_environment_hook('camera_bringup', 'cmake_prefix_path')
[1.149s] INFO:colcon.colcon_core.shell:Creating environment hook '/home/qor/urrc_hanla/.install/camera_bringup/share/camera_bringup/hook/cmake_prefix_path.ps1'
[1.149s] INFO:colcon.colcon_core.shell:Creating environment descriptor '/home/qor/urrc_hanla/.install/camera_bringup/share/camera_bringup/hook/cmake_prefix_path.dsv'
[1.150s] INFO:colcon.colcon_core.shell:Creating environment hook '/home/qor/urrc_hanla/.install/camera_bringup/share/camera_bringup/hook/cmake_prefix_path.sh'
[1.150s] Level 1:colcon.colcon_core.environment:checking '/home/qor/urrc_hanla/.install/camera_bringup/bin'
[1.150s] Level 1:colcon.colcon_core.environment:checking '/home/qor/urrc_hanla/.install/camera_bringup/lib/pkgconfig/camera_bringup.pc'
[1.150s] Level 1:colcon.colcon_core.environment:checking '/home/qor/urrc_hanla/.install/camera_bringup/lib/python3.12/site-packages'
[1.150s] Level 1:colcon.colcon_core.environment:checking '/home/qor/urrc_hanla/.install/camera_bringup/bin'
[1.150s] INFO:colcon.colcon_core.shell:Creating package script '/home/qor/urrc_hanla/.install/camera_bringup/share/camera_bringup/package.ps1'
[1.151s] INFO:colcon.colcon_core.shell:Creating package descriptor '/home/qor/urrc_hanla/.install/camera_bringup/share/camera_bringup/package.dsv'
[1.151s] INFO:colcon.colcon_core.shell:Creating package script '/home/qor/urrc_hanla/.install/camera_bringup/share/camera_bringup/package.sh'
[1.151s] INFO:colcon.colcon_core.shell:Creating package script '/home/qor/urrc_hanla/.install/camera_bringup/share/camera_bringup/package.bash'
[1.151s] INFO:colcon.colcon_core.shell:Creating package script '/home/qor/urrc_hanla/.install/camera_bringup/share/camera_bringup/package.zsh'
[1.151s] Level 1:colcon.colcon_core.environment:create_file_with_runtime_dependencies(/home/qor/urrc_hanla/.install/camera_bringup/share/colcon-core/packages/camera_bringup)
[1.152s] Level 1:colcon.colcon_core.environment:create_environment_scripts_only(camera_bringup)
[1.152s] Level 1:colcon.colcon_core.environment:checking '/home/qor/urrc_hanla/.install/camera_bringup' for CMake module files
[1.152s] Level 1:colcon.colcon_core.environment:checking '/home/qor/urrc_hanla/.install/camera_bringup' for CMake config files
[1.152s] Level 1:colcon.colcon_core.shell:create_environment_hook('camera_bringup', 'cmake_prefix_path')
[1.152s] INFO:colcon.colcon_core.shell:Creating environment hook '/home/qor/urrc_hanla/.install/camera_bringup/share/camera_bringup/hook/cmake_prefix_path.ps1'
[1.152s] INFO:colcon.colcon_core.shell:Creating environment descriptor '/home/qor/urrc_hanla/.install/camera_bringup/share/camera_bringup/hook/cmake_prefix_path.dsv'
[1.152s] INFO:colcon.colcon_core.shell:Creating environment hook '/home/qor/urrc_hanla/.install/camera_bringup/share/camera_bringup/hook/cmake_prefix_path.sh'
[1.153s] Level 1:colcon.colcon_core.environment:checking '/home/qor/urrc_hanla/.install/camera_bringup/bin'
[1.153s] Level 1:colcon.colcon_core.environment:checking '/home/qor/urrc_hanla/.install/camera_bringup/lib/pkgconfig/camera_bringup.pc'
[1.153s] Level 1:colcon.colcon_core.environment:checking '/home/qor/urrc_hanla/.install/camera_bringup/lib/python3.12/site-packages'
[1.153s] Level 1:colcon.colcon_core.environment:checking '/home/qor/urrc_hanla/.install/camera_bringup/bin'
[1.153s] INFO:colcon.colcon_core.shell:Creating package script '/home/qor/urrc_hanla/.install/camera_bringup/share/camera_bringup/package.ps1'
[1.154s] INFO:colcon.colcon_core.shell:Creating package descriptor '/home/qor/urrc_hanla/.install/camera_bringup/share/camera_bringup/package.dsv'
[1.154s] INFO:colcon.colcon_core.shell:Creating package script '/home/qor/urrc_hanla/.install/camera_bringup/share/camera_bringup/package.sh'
[1.154s] INFO:colcon.colcon_core.shell:Creating package script '/home/qor/urrc_hanla/.install/camera_bringup/share/camera_bringup/package.bash'
[1.154s] INFO:colcon.colcon_core.shell:Creating package script '/home/qor/urrc_hanla/.install/camera_bringup/share/camera_bringup/package.zsh'
[1.154s] Level 1:colcon.colcon_core.environment:create_file_with_runtime_dependencies(/home/qor/urrc_hanla/.install/camera_bringup/share/colcon-core/packages/camera_bringup)
[1.164s] DEBUG:colcon.colcon_core.task.python.build:Available setuptools 'develop' options: --install-dir, --verbose, --no-user-cfg, --user, --no-deps, --index-url, --quiet, --help, --prefix
[1.164s] INFO:colcon.colcon_core.task.python.build:No '--editable' capability in setuptools, falling back to full install
[1.165s] DEBUG:colcon.colcon_core.event_handler.log_command:Invoking command in '/home/qor/urrc_hanla/race_autonomy/ros2_ws/src/race_perception': DEBUGINFOD_URLS=https://debuginfod.ubuntu.com PYTHONPATH=/home/qor/urrc_hanla/.build/race_perception/prefix_override:/usr/lib/python3/dist-packages/colcon_core/task/python/colcon_distutils_commands:/home/qor/urrc_hanla/.install/race_perception/lib/python3.12/site-packages:${PYTHONPATH} /usr/bin/python3 -W ignore:setup.py install is deprecated -W ignore:easy_install command is deprecated setup.py egg_info --egg-base ../../../../.build/race_perception build --build-base /home/qor/urrc_hanla/.build/race_perception/build install --record /home/qor/urrc_hanla/.build/race_perception/install.log --install-scripts $base/lib/race_perception --single-version-externally-managed install_data
[1.166s] DEBUG:colcon.colcon_core.task.python.build:Available setuptools 'develop' options: --install-dir, --verbose, --no-user-cfg, --user, --no-deps, --index-url, --quiet, --help, --prefix
[1.166s] INFO:colcon.colcon_core.task.python.build:No '--editable' capability in setuptools, falling back to full install
[1.167s] DEBUG:colcon.colcon_core.task.python.build:Available setuptools 'develop' options: --install-dir, --verbose, --no-user-cfg, --user, --no-deps, --index-url, --quiet, --help, --prefix
[1.167s] DEBUG:colcon.colcon_core.event_handler.log_command:Invoking command in '/home/qor/urrc_hanla/race_autonomy/ros2_ws/src/imu_manager': DEBUGINFOD_URLS=https://debuginfod.ubuntu.com PYTHONPATH=/home/qor/urrc_hanla/.build/imu_manager/prefix_override:/usr/lib/python3/dist-packages/colcon_core/task/python/colcon_distutils_commands:/home/qor/urrc_hanla/.install/imu_manager/lib/python3.12/site-packages:${PYTHONPATH} /usr/bin/python3 -W ignore:setup.py install is deprecated -W ignore:easy_install command is deprecated setup.py egg_info --egg-base ../../../../.build/imu_manager build --build-base /home/qor/urrc_hanla/.build/imu_manager/build install --record /home/qor/urrc_hanla/.build/imu_manager/install.log --install-scripts $base/lib/imu_manager --single-version-externally-managed install_data
[1.167s] INFO:colcon.colcon_core.task.python.build:No '--editable' capability in setuptools, falling back to full install
[1.167s] DEBUG:colcon.colcon_core.event_handler.log_command:Invoking command in '/home/qor/urrc_hanla/race_autonomy/ros2_ws/src/race_vehicle_interface': DEBUGINFOD_URLS=https://debuginfod.ubuntu.com PYTHONPATH=/home/qor/urrc_hanla/.build/race_vehicle_interface/prefix_override:/usr/lib/python3/dist-packages/colcon_core/task/python/colcon_distutils_commands:/home/qor/urrc_hanla/.install/race_vehicle_interface/lib/python3.12/site-packages:${PYTHONPATH} /usr/bin/python3 -W ignore:setup.py install is deprecated -W ignore:easy_install command is deprecated setup.py egg_info --egg-base ../../../../.build/race_vehicle_interface build --build-base /home/qor/urrc_hanla/.build/race_vehicle_interface/build install --record /home/qor/urrc_hanla/.build/race_vehicle_interface/install.log --install-scripts $base/lib/race_vehicle_interface --single-version-externally-managed install_data
[1.184s] DEBUG:colcon.colcon_core.task.python.build:Available setuptools 'develop' options: --install-dir, --verbose, --no-user-cfg, --user, --no-deps, --index-url, --quiet, --help, --prefix
[1.184s] INFO:colcon.colcon_core.task.python.build:No '--editable' capability in setuptools, falling back to full install
[1.185s] DEBUG:colcon.colcon_core.event_handler.log_command:Invoking command in '/home/qor/urrc_hanla/race_autonomy/ros2_ws/src/camera_yolo_inference': DEBUGINFOD_URLS=https://debuginfod.ubuntu.com PYTHONPATH=/home/qor/urrc_hanla/.build/camera_yolo_inference/prefix_override:/usr/lib/python3/dist-packages/colcon_core/task/python/colcon_distutils_commands:/home/qor/urrc_hanla/.install/camera_yolo_inference/lib/python3.12/site-packages:${PYTHONPATH} /usr/bin/python3 -W ignore:setup.py install is deprecated -W ignore:easy_install command is deprecated setup.py egg_info --egg-base ../../../../.build/camera_yolo_inference build --build-base /home/qor/urrc_hanla/.build/camera_yolo_inference/build install --record /home/qor/urrc_hanla/.build/camera_yolo_inference/install.log --install-scripts $base/lib/camera_yolo_inference --single-version-externally-managed install_data
[1.210s] DEBUG:colcon.colcon_core.task.python.build:Available setuptools 'develop' options: --install-dir, --verbose, --no-user-cfg, --user, --no-deps, --index-url, --quiet, --help, --prefix
[1.211s] INFO:colcon.colcon_core.task.python.build:No '--editable' capability in setuptools, falling back to full install
[1.211s] DEBUG:colcon.colcon_core.event_handler.log_command:Invoking command in '/home/qor/urrc_hanla/race_autonomy/ros2_ws/src/camera_navigation': DEBUGINFOD_URLS=https://debuginfod.ubuntu.com PYTHONPATH=/home/qor/urrc_hanla/.build/camera_navigation/prefix_override:/usr/lib/python3/dist-packages/colcon_core/task/python/colcon_distutils_commands:/home/qor/urrc_hanla/.install/camera_navigation/lib/python3.12/site-packages:${PYTHONPATH} /usr/bin/python3 -W ignore:setup.py install is deprecated -W ignore:easy_install command is deprecated setup.py egg_info --egg-base ../../../../.build/camera_navigation build --build-base /home/qor/urrc_hanla/.build/camera_navigation/build install --record /home/qor/urrc_hanla/.build/camera_navigation/install.log --install-scripts $base/lib/camera_navigation --single-version-externally-managed install_data
[1.410s] Level 1:colcon.colcon_core.environment:checking '/home/qor/urrc_hanla/.install/race_vehicle_interface' for CMake module files
[1.411s] Level 1:colcon.colcon_core.environment:checking '/home/qor/urrc_hanla/.install/race_vehicle_interface' for CMake config files
[1.411s] Level 1:colcon.colcon_core.environment:checking '/home/qor/urrc_hanla/.install/race_vehicle_interface/lib'
[1.411s] Level 1:colcon.colcon_core.environment:checking '/home/qor/urrc_hanla/.install/race_vehicle_interface/bin'
[1.411s] Level 1:colcon.colcon_core.environment:checking '/home/qor/urrc_hanla/.install/race_vehicle_interface/lib/pkgconfig/race_vehicle_interface.pc'
[1.411s] Level 1:colcon.colcon_core.environment:checking '/home/qor/urrc_hanla/.install/race_vehicle_interface/lib/python3.12/site-packages'
[1.411s] Level 1:colcon.colcon_core.shell:create_environment_hook('race_vehicle_interface', 'pythonpath')
[1.411s] INFO:colcon.colcon_core.shell:Creating environment hook '/home/qor/urrc_hanla/.install/race_vehicle_interface/share/race_vehicle_interface/hook/pythonpath.ps1'
[1.412s] INFO:colcon.colcon_core.shell:Creating environment descriptor '/home/qor/urrc_hanla/.install/race_vehicle_interface/share/race_vehicle_interface/hook/pythonpath.dsv'
[1.412s] INFO:colcon.colcon_core.shell:Creating environment hook '/home/qor/urrc_hanla/.install/race_vehicle_interface/share/race_vehicle_interface/hook/pythonpath.sh'
[1.412s] Level 1:colcon.colcon_core.environment:checking '/home/qor/urrc_hanla/.install/race_vehicle_interface/bin'
[1.412s] Level 1:colcon.colcon_core.environment:create_environment_scripts_only(race_vehicle_interface)
[1.412s] INFO:colcon.colcon_core.shell:Creating package script '/home/qor/urrc_hanla/.install/race_vehicle_interface/share/race_vehicle_interface/package.ps1'
[1.412s] INFO:colcon.colcon_core.shell:Creating package descriptor '/home/qor/urrc_hanla/.install/race_vehicle_interface/share/race_vehicle_interface/package.dsv'
[1.413s] INFO:colcon.colcon_core.shell:Creating package script '/home/qor/urrc_hanla/.install/race_vehicle_interface/share/race_vehicle_interface/package.sh'
[1.413s] INFO:colcon.colcon_core.shell:Creating package script '/home/qor/urrc_hanla/.install/race_vehicle_interface/share/race_vehicle_interface/package.bash'
[1.413s] INFO:colcon.colcon_core.shell:Creating package script '/home/qor/urrc_hanla/.install/race_vehicle_interface/share/race_vehicle_interface/package.zsh'
[1.413s] Level 1:colcon.colcon_core.environment:create_file_with_runtime_dependencies(/home/qor/urrc_hanla/.install/race_vehicle_interface/share/colcon-core/packages/race_vehicle_interface)
[1.414s] Level 1:colcon.colcon_core.environment:checking '/home/qor/urrc_hanla/.install/imu_manager' for CMake module files
[1.414s] Level 1:colcon.colcon_core.environment:checking '/home/qor/urrc_hanla/.install/imu_manager' for CMake config files
[1.414s] DEBUG:colcon.colcon_core.event_handler.log_command:Invoked command in '/home/qor/urrc_hanla/race_autonomy/ros2_ws/src/race_vehicle_interface' returned '0': DEBUGINFOD_URLS=https://debuginfod.ubuntu.com PYTHONPATH=/home/qor/urrc_hanla/.build/race_vehicle_interface/prefix_override:/usr/lib/python3/dist-packages/colcon_core/task/python/colcon_distutils_commands:/home/qor/urrc_hanla/.install/race_vehicle_interface/lib/python3.12/site-packages:${PYTHONPATH} /usr/bin/python3 -W ignore:setup.py install is deprecated -W ignore:easy_install command is deprecated setup.py egg_info --egg-base ../../../../.build/race_vehicle_interface build --build-base /home/qor/urrc_hanla/.build/race_vehicle_interface/build install --record /home/qor/urrc_hanla/.build/race_vehicle_interface/install.log --install-scripts $base/lib/race_vehicle_interface --single-version-externally-managed install_data
[1.415s] DEBUG:colcon.colcon_core.event_handler.log_command:Invoked command in '/home/qor/urrc_hanla/race_autonomy/ros2_ws/src/imu_manager' returned '0': DEBUGINFOD_URLS=https://debuginfod.ubuntu.com PYTHONPATH=/home/qor/urrc_hanla/.build/imu_manager/prefix_override:/usr/lib/python3/dist-packages/colcon_core/task/python/colcon_distutils_commands:/home/qor/urrc_hanla/.install/imu_manager/lib/python3.12/site-packages:${PYTHONPATH} /usr/bin/python3 -W ignore:setup.py install is deprecated -W ignore:easy_install command is deprecated setup.py egg_info --egg-base ../../../../.build/imu_manager build --build-base /home/qor/urrc_hanla/.build/imu_manager/build install --record /home/qor/urrc_hanla/.build/imu_manager/install.log --install-scripts $base/lib/imu_manager --single-version-externally-managed install_data
[1.415s] Level 1:colcon.colcon_core.environment:checking '/home/qor/urrc_hanla/.install/imu_manager/lib'
[1.415s] Level 1:colcon.colcon_core.environment:checking '/home/qor/urrc_hanla/.install/imu_manager/bin'
[1.415s] Level 1:colcon.colcon_core.environment:checking '/home/qor/urrc_hanla/.install/imu_manager/lib/pkgconfig/imu_manager.pc'
[1.415s] Level 1:colcon.colcon_core.environment:checking '/home/qor/urrc_hanla/.install/imu_manager/lib/python3.12/site-packages'
[1.415s] Level 1:colcon.colcon_core.shell:create_environment_hook('imu_manager', 'pythonpath')
[1.415s] INFO:colcon.colcon_core.shell:Creating environment hook '/home/qor/urrc_hanla/.install/imu_manager/share/imu_manager/hook/pythonpath.ps1'
[1.415s] INFO:colcon.colcon_core.shell:Creating environment descriptor '/home/qor/urrc_hanla/.install/imu_manager/share/imu_manager/hook/pythonpath.dsv'
[1.416s] INFO:colcon.colcon_core.shell:Creating environment hook '/home/qor/urrc_hanla/.install/imu_manager/share/imu_manager/hook/pythonpath.sh'
[1.416s] Level 1:colcon.colcon_core.environment:checking '/home/qor/urrc_hanla/.install/imu_manager/bin'
[1.416s] Level 1:colcon.colcon_core.environment:create_environment_scripts_only(imu_manager)
[1.416s] INFO:colcon.colcon_core.shell:Creating package script '/home/qor/urrc_hanla/.install/imu_manager/share/imu_manager/package.ps1'
[1.416s] INFO:colcon.colcon_core.shell:Creating package descriptor '/home/qor/urrc_hanla/.install/imu_manager/share/imu_manager/package.dsv'
[1.416s] INFO:colcon.colcon_core.shell:Creating package script '/home/qor/urrc_hanla/.install/imu_manager/share/imu_manager/package.sh'
[1.417s] INFO:colcon.colcon_core.shell:Creating package script '/home/qor/urrc_hanla/.install/imu_manager/share/imu_manager/package.bash'
[1.417s] INFO:colcon.colcon_core.shell:Creating package script '/home/qor/urrc_hanla/.install/imu_manager/share/imu_manager/package.zsh'
[1.417s] Level 1:colcon.colcon_core.environment:create_file_with_runtime_dependencies(/home/qor/urrc_hanla/.install/imu_manager/share/colcon-core/packages/imu_manager)
[1.417s] Level 1:colcon.colcon_core.environment:checking '/home/qor/urrc_hanla/.install/race_perception' for CMake module files
[1.417s] DEBUG:colcon.colcon_core.event_handler.log_command:Invoked command in '/home/qor/urrc_hanla/race_autonomy/ros2_ws/src/race_perception' returned '0': DEBUGINFOD_URLS=https://debuginfod.ubuntu.com PYTHONPATH=/home/qor/urrc_hanla/.build/race_perception/prefix_override:/usr/lib/python3/dist-packages/colcon_core/task/python/colcon_distutils_commands:/home/qor/urrc_hanla/.install/race_perception/lib/python3.12/site-packages:${PYTHONPATH} /usr/bin/python3 -W ignore:setup.py install is deprecated -W ignore:easy_install command is deprecated setup.py egg_info --egg-base ../../../../.build/race_perception build --build-base /home/qor/urrc_hanla/.build/race_perception/build install --record /home/qor/urrc_hanla/.build/race_perception/install.log --install-scripts $base/lib/race_perception --single-version-externally-managed install_data
[1.417s] Level 1:colcon.colcon_core.environment:checking '/home/qor/urrc_hanla/.install/race_perception' for CMake config files
[1.418s] Level 1:colcon.colcon_core.environment:checking '/home/qor/urrc_hanla/.install/race_perception/lib'
[1.418s] Level 1:colcon.colcon_core.environment:checking '/home/qor/urrc_hanla/.install/race_perception/bin'
[1.418s] Level 1:colcon.colcon_core.environment:checking '/home/qor/urrc_hanla/.install/race_perception/lib/pkgconfig/race_perception.pc'
[1.418s] Level 1:colcon.colcon_core.environment:checking '/home/qor/urrc_hanla/.install/race_perception/lib/python3.12/site-packages'
[1.418s] Level 1:colcon.colcon_core.shell:create_environment_hook('race_perception', 'pythonpath')
[1.418s] INFO:colcon.colcon_core.shell:Creating environment hook '/home/qor/urrc_hanla/.install/race_perception/share/race_perception/hook/pythonpath.ps1'
[1.418s] INFO:colcon.colcon_core.shell:Creating environment descriptor '/home/qor/urrc_hanla/.install/race_perception/share/race_perception/hook/pythonpath.dsv'
[1.418s] INFO:colcon.colcon_core.shell:Creating environment hook '/home/qor/urrc_hanla/.install/race_perception/share/race_perception/hook/pythonpath.sh'
[1.418s] Level 1:colcon.colcon_core.environment:checking '/home/qor/urrc_hanla/.install/race_perception/bin'
[1.419s] Level 1:colcon.colcon_core.environment:create_environment_scripts_only(race_perception)
[1.419s] INFO:colcon.colcon_core.shell:Creating package script '/home/qor/urrc_hanla/.install/race_perception/share/race_perception/package.ps1'
[1.419s] INFO:colcon.colcon_core.shell:Creating package descriptor '/home/qor/urrc_hanla/.install/race_perception/share/race_perception/package.dsv'
[1.419s] INFO:colcon.colcon_core.shell:Creating package script '/home/qor/urrc_hanla/.install/race_perception/share/race_perception/package.sh'
[1.419s] INFO:colcon.colcon_core.shell:Creating package script '/home/qor/urrc_hanla/.install/race_perception/share/race_perception/package.bash'
[1.419s] INFO:colcon.colcon_core.shell:Creating package script '/home/qor/urrc_hanla/.install/race_perception/share/race_perception/package.zsh'
[1.419s] Level 1:colcon.colcon_core.environment:create_file_with_runtime_dependencies(/home/qor/urrc_hanla/.install/race_perception/share/colcon-core/packages/race_perception)
[1.439s] Level 1:colcon.colcon_core.environment:checking '/home/qor/urrc_hanla/.install/camera_yolo_inference' for CMake module files
[1.439s] Level 1:colcon.colcon_core.environment:checking '/home/qor/urrc_hanla/.install/camera_yolo_inference' for CMake config files
[1.439s] DEBUG:colcon.colcon_core.event_handler.log_command:Invoked command in '/home/qor/urrc_hanla/race_autonomy/ros2_ws/src/camera_yolo_inference' returned '0': DEBUGINFOD_URLS=https://debuginfod.ubuntu.com PYTHONPATH=/home/qor/urrc_hanla/.build/camera_yolo_inference/prefix_override:/usr/lib/python3/dist-packages/colcon_core/task/python/colcon_distutils_commands:/home/qor/urrc_hanla/.install/camera_yolo_inference/lib/python3.12/site-packages:${PYTHONPATH} /usr/bin/python3 -W ignore:setup.py install is deprecated -W ignore:easy_install command is deprecated setup.py egg_info --egg-base ../../../../.build/camera_yolo_inference build --build-base /home/qor/urrc_hanla/.build/camera_yolo_inference/build install --record /home/qor/urrc_hanla/.build/camera_yolo_inference/install.log --install-scripts $base/lib/camera_yolo_inference --single-version-externally-managed install_data
[1.440s] Level 1:colcon.colcon_core.environment:checking '/home/qor/urrc_hanla/.install/camera_yolo_inference/lib'
[1.440s] Level 1:colcon.colcon_core.environment:checking '/home/qor/urrc_hanla/.install/camera_yolo_inference/bin'
[1.440s] Level 1:colcon.colcon_core.environment:checking '/home/qor/urrc_hanla/.install/camera_yolo_inference/lib/pkgconfig/camera_yolo_inference.pc'
[1.440s] Level 1:colcon.colcon_core.environment:checking '/home/qor/urrc_hanla/.install/camera_yolo_inference/lib/python3.12/site-packages'
[1.440s] Level 1:colcon.colcon_core.shell:create_environment_hook('camera_yolo_inference', 'pythonpath')
[1.440s] INFO:colcon.colcon_core.shell:Creating environment hook '/home/qor/urrc_hanla/.install/camera_yolo_inference/share/camera_yolo_inference/hook/pythonpath.ps1'
[1.440s] INFO:colcon.colcon_core.shell:Creating environment descriptor '/home/qor/urrc_hanla/.install/camera_yolo_inference/share/camera_yolo_inference/hook/pythonpath.dsv'
[1.441s] INFO:colcon.colcon_core.shell:Creating environment hook '/home/qor/urrc_hanla/.install/camera_yolo_inference/share/camera_yolo_inference/hook/pythonpath.sh'
[1.441s] Level 1:colcon.colcon_core.environment:checking '/home/qor/urrc_hanla/.install/camera_yolo_inference/bin'
[1.441s] Level 1:colcon.colcon_core.environment:create_environment_scripts_only(camera_yolo_inference)
[1.441s] INFO:colcon.colcon_core.shell:Creating package script '/home/qor/urrc_hanla/.install/camera_yolo_inference/share/camera_yolo_inference/package.ps1'
[1.441s] INFO:colcon.colcon_core.shell:Creating package descriptor '/home/qor/urrc_hanla/.install/camera_yolo_inference/share/camera_yolo_inference/package.dsv'
[1.441s] INFO:colcon.colcon_core.shell:Creating package script '/home/qor/urrc_hanla/.install/camera_yolo_inference/share/camera_yolo_inference/package.sh'
[1.442s] INFO:colcon.colcon_core.shell:Creating package script '/home/qor/urrc_hanla/.install/camera_yolo_inference/share/camera_yolo_inference/package.bash'
[1.442s] INFO:colcon.colcon_core.shell:Creating package script '/home/qor/urrc_hanla/.install/camera_yolo_inference/share/camera_yolo_inference/package.zsh'
[1.442s] Level 1:colcon.colcon_core.environment:create_file_with_runtime_dependencies(/home/qor/urrc_hanla/.install/camera_yolo_inference/share/colcon-core/packages/camera_yolo_inference)
[1.442s] INFO:colcon.colcon_ros.task.ament_python.build:Building ROS package in '/home/qor/urrc_hanla/video_perception_test' with build type 'ament_python'
[1.442s] Level 1:colcon.colcon_core.shell:create_environment_hook('video_perception_test', 'ament_prefix_path')
[1.442s] INFO:colcon.colcon_core.shell:Creating environment hook '/home/qor/urrc_hanla/.install/video_perception_test/share/video_perception_test/hook/ament_prefix_path.ps1'
[1.443s] INFO:colcon.colcon_core.shell:Creating environment descriptor '/home/qor/urrc_hanla/.install/video_perception_test/share/video_perception_test/hook/ament_prefix_path.dsv'
[1.444s] INFO:colcon.colcon_core.shell:Creating environment hook '/home/qor/urrc_hanla/.install/video_perception_test/share/video_perception_test/hook/ament_prefix_path.sh'
[1.444s] INFO:colcon.colcon_core.shell:Skip shell extension 'powershell' for command environment: Not usable outside of PowerShell
[1.444s] DEBUG:colcon.colcon_core.shell:Skip shell extension 'dsv' for command environment
[1.576s] INFO:colcon.colcon_core.task.python.build:Building Python package in '/home/qor/urrc_hanla/video_perception_test'
[1.576s] INFO:colcon.colcon_core.shell:Skip shell extension 'powershell' for command environment: Not usable outside of PowerShell
[1.576s] DEBUG:colcon.colcon_core.shell:Skip shell extension 'dsv' for command environment
[1.578s] Level 1:colcon.colcon_core.environment:checking '/home/qor/urrc_hanla/.install/camera_navigation' for CMake module files
[1.579s] DEBUG:colcon.colcon_core.event_handler.log_command:Invoked command in '/home/qor/urrc_hanla/race_autonomy/ros2_ws/src/camera_navigation' returned '0': DEBUGINFOD_URLS=https://debuginfod.ubuntu.com PYTHONPATH=/home/qor/urrc_hanla/.build/camera_navigation/prefix_override:/usr/lib/python3/dist-packages/colcon_core/task/python/colcon_distutils_commands:/home/qor/urrc_hanla/.install/camera_navigation/lib/python3.12/site-packages:${PYTHONPATH} /usr/bin/python3 -W ignore:setup.py install is deprecated -W ignore:easy_install command is deprecated setup.py egg_info --egg-base ../../../../.build/camera_navigation build --build-base /home/qor/urrc_hanla/.build/camera_navigation/build install --record /home/qor/urrc_hanla/.build/camera_navigation/install.log --install-scripts $base/lib/camera_navigation --single-version-externally-managed install_data
[1.579s] Level 1:colcon.colcon_core.environment:checking '/home/qor/urrc_hanla/.install/camera_navigation' for CMake config files
[1.579s] Level 1:colcon.colcon_core.environment:checking '/home/qor/urrc_hanla/.install/camera_navigation/lib'
[1.579s] Level 1:colcon.colcon_core.environment:checking '/home/qor/urrc_hanla/.install/camera_navigation/bin'
[1.579s] Level 1:colcon.colcon_core.environment:checking '/home/qor/urrc_hanla/.install/camera_navigation/lib/pkgconfig/camera_navigation.pc'
[1.579s] Level 1:colcon.colcon_core.environment:checking '/home/qor/urrc_hanla/.install/camera_navigation/lib/python3.12/site-packages'
[1.579s] Level 1:colcon.colcon_core.shell:create_environment_hook('camera_navigation', 'pythonpath')
[1.579s] INFO:colcon.colcon_core.shell:Creating environment hook '/home/qor/urrc_hanla/.install/camera_navigation/share/camera_navigation/hook/pythonpath.ps1'
[1.580s] INFO:colcon.colcon_core.shell:Creating environment descriptor '/home/qor/urrc_hanla/.install/camera_navigation/share/camera_navigation/hook/pythonpath.dsv'
[1.580s] INFO:colcon.colcon_core.shell:Creating environment hook '/home/qor/urrc_hanla/.install/camera_navigation/share/camera_navigation/hook/pythonpath.sh'
[1.580s] Level 1:colcon.colcon_core.environment:checking '/home/qor/urrc_hanla/.install/camera_navigation/bin'
[1.580s] Level 1:colcon.colcon_core.environment:create_environment_scripts_only(camera_navigation)
[1.580s] INFO:colcon.colcon_core.shell:Creating package script '/home/qor/urrc_hanla/.install/camera_navigation/share/camera_navigation/package.ps1'
[1.580s] INFO:colcon.colcon_core.shell:Creating package descriptor '/home/qor/urrc_hanla/.install/camera_navigation/share/camera_navigation/package.dsv'
[1.581s] INFO:colcon.colcon_core.shell:Creating package script '/home/qor/urrc_hanla/.install/camera_navigation/share/camera_navigation/package.sh'
[1.581s] INFO:colcon.colcon_core.shell:Creating package script '/home/qor/urrc_hanla/.install/camera_navigation/share/camera_navigation/package.bash'
[1.581s] INFO:colcon.colcon_core.shell:Creating package script '/home/qor/urrc_hanla/.install/camera_navigation/share/camera_navigation/package.zsh'
[1.581s] Level 1:colcon.colcon_core.environment:create_file_with_runtime_dependencies(/home/qor/urrc_hanla/.install/camera_navigation/share/colcon-core/packages/camera_navigation)
[1.801s] DEBUG:colcon.colcon_core.task.python.build:Available setuptools commands: build_ext, install_scripts, update_catalog, build_clib, setopt, egg_info, rotate, clean, easy_install, extract_messages, alias, install_lib, check, develop, bdist_wheel, install_egg_info, saveopts, bdist_egg, dist_info, build_py, build, sdist, bdist_dumb, install_data, install_headers, compile_catalog, init_catalog, install, bdist, symlink_data, build_scripts, bdist_rpm, editable_wheel
[1.930s] DEBUG:colcon.colcon_core.task.python.build:Available setuptools 'develop' options: --install-dir, --verbose, --no-user-cfg, --user, --no-deps, --index-url, --quiet, --help, --prefix
[1.931s] INFO:colcon.colcon_core.task.python.build:No '--editable' capability in setuptools, falling back to full install
[1.932s] DEBUG:colcon.colcon_core.event_handler.log_command:Invoking command in '/home/qor/urrc_hanla/video_perception_test': AMENT_PREFIX_PATH=/home/qor/urrc_hanla/.install/camera_yolo_inference:${AMENT_PREFIX_PATH} DEBUGINFOD_URLS=https://debuginfod.ubuntu.com PYTHONPATH=/home/qor/urrc_hanla/.build/video_perception_test/prefix_override:/usr/lib/python3/dist-packages/colcon_core/task/python/colcon_distutils_commands:/home/qor/urrc_hanla/.install/video_perception_test/lib/python3.12/site-packages:/home/qor/urrc_hanla/.install/camera_yolo_inference/lib/python3.12/site-packages:${PYTHONPATH} /usr/bin/python3 -W ignore:setup.py install is deprecated -W ignore:easy_install command is deprecated setup.py egg_info --egg-base ../.build/video_perception_test build --build-base /home/qor/urrc_hanla/.build/video_perception_test/build install --record /home/qor/urrc_hanla/.build/video_perception_test/install.log --install-scripts $base/lib/video_perception_test --single-version-externally-managed install_data
[2.162s] Level 1:colcon.colcon_core.environment:checking '/home/qor/urrc_hanla/.install/video_perception_test' for CMake module files
[2.162s] DEBUG:colcon.colcon_core.event_handler.log_command:Invoked command in '/home/qor/urrc_hanla/video_perception_test' returned '0': AMENT_PREFIX_PATH=/home/qor/urrc_hanla/.install/camera_yolo_inference:${AMENT_PREFIX_PATH} DEBUGINFOD_URLS=https://debuginfod.ubuntu.com PYTHONPATH=/home/qor/urrc_hanla/.build/video_perception_test/prefix_override:/usr/lib/python3/dist-packages/colcon_core/task/python/colcon_distutils_commands:/home/qor/urrc_hanla/.install/video_perception_test/lib/python3.12/site-packages:/home/qor/urrc_hanla/.install/camera_yolo_inference/lib/python3.12/site-packages:${PYTHONPATH} /usr/bin/python3 -W ignore:setup.py install is deprecated -W ignore:easy_install command is deprecated setup.py egg_info --egg-base ../.build/video_perception_test build --build-base /home/qor/urrc_hanla/.build/video_perception_test/build install --record /home/qor/urrc_hanla/.build/video_perception_test/install.log --install-scripts $base/lib/video_perception_test --single-version-externally-managed install_data
[2.162s] Level 1:colcon.colcon_core.environment:checking '/home/qor/urrc_hanla/.install/video_perception_test' for CMake config files
[2.162s] Level 1:colcon.colcon_core.environment:checking '/home/qor/urrc_hanla/.install/video_perception_test/lib'
[2.162s] Level 1:colcon.colcon_core.environment:checking '/home/qor/urrc_hanla/.install/video_perception_test/bin'
[2.162s] Level 1:colcon.colcon_core.environment:checking '/home/qor/urrc_hanla/.install/video_perception_test/lib/pkgconfig/video_perception_test.pc'
[2.163s] Level 1:colcon.colcon_core.environment:checking '/home/qor/urrc_hanla/.install/video_perception_test/lib/python3.12/site-packages'
[2.163s] Level 1:colcon.colcon_core.shell:create_environment_hook('video_perception_test', 'pythonpath')
[2.163s] INFO:colcon.colcon_core.shell:Creating environment hook '/home/qor/urrc_hanla/.install/video_perception_test/share/video_perception_test/hook/pythonpath.ps1'
[2.163s] INFO:colcon.colcon_core.shell:Creating environment descriptor '/home/qor/urrc_hanla/.install/video_perception_test/share/video_perception_test/hook/pythonpath.dsv'
[2.163s] INFO:colcon.colcon_core.shell:Creating environment hook '/home/qor/urrc_hanla/.install/video_perception_test/share/video_perception_test/hook/pythonpath.sh'
[2.163s] Level 1:colcon.colcon_core.environment:checking '/home/qor/urrc_hanla/.install/video_perception_test/bin'
[2.164s] Level 1:colcon.colcon_core.environment:create_environment_scripts_only(video_perception_test)
[2.164s] INFO:colcon.colcon_core.shell:Creating package script '/home/qor/urrc_hanla/.install/video_perception_test/share/video_perception_test/package.ps1'
[2.164s] INFO:colcon.colcon_core.shell:Creating package descriptor '/home/qor/urrc_hanla/.install/video_perception_test/share/video_perception_test/package.dsv'
[2.164s] INFO:colcon.colcon_core.shell:Creating package script '/home/qor/urrc_hanla/.install/video_perception_test/share/video_perception_test/package.sh'
[2.164s] INFO:colcon.colcon_core.shell:Creating package script '/home/qor/urrc_hanla/.install/video_perception_test/share/video_perception_test/package.bash'
[2.164s] INFO:colcon.colcon_core.shell:Creating package script '/home/qor/urrc_hanla/.install/video_perception_test/share/video_perception_test/package.zsh'
[2.165s] Level 1:colcon.colcon_core.environment:create_file_with_runtime_dependencies(/home/qor/urrc_hanla/.install/video_perception_test/share/colcon-core/packages/video_perception_test)
[2.592s] DEBUG:colcon.colcon_core.event_handler.log_command:Invoked command in '/home/qor/urrc_hanla/.build/race_interfaces' returned '0': CMAKE_PREFIX_PATH=${CMAKE_PREFIX_PATH}:/home/qor/urrc_hanla/race_autonomy/ros2_ws/install/race_control:/home/qor/urrc_hanla/race_autonomy/ros2_ws/install/race_vehicle_interface:/home/qor/urrc_hanla/race_autonomy/ros2_ws/install/race_perception:/home/qor/urrc_hanla/race_autonomy/ros2_ws/install/imu_manager:/home/qor/urrc_hanla/race_autonomy/ros2_ws/install/camera_yolo_inference:/home/qor/urrc_hanla/race_autonomy/ros2_ws/install/camera_navigation:/home/qor/mcu_ws/install/mcu_serial_bridge:/opt/ros/jazzy DEBUGINFOD_URLS=https://debuginfod.ubuntu.com /usr/bin/cmake /home/qor/urrc_hanla/race_autonomy/ros2_ws/src/race_interfaces -DAMENT_CMAKE_SYMLINK_INSTALL=1 -DCMAKE_INSTALL_PREFIX=/home/qor/urrc_hanla/.install/race_interfaces
[2.593s] DEBUG:colcon.colcon_core.event_handler.log_command:Invoking command in '/home/qor/urrc_hanla/.build/race_interfaces': CMAKE_PREFIX_PATH=${CMAKE_PREFIX_PATH}:/home/qor/urrc_hanla/race_autonomy/ros2_ws/install/race_control:/home/qor/urrc_hanla/race_autonomy/ros2_ws/install/race_vehicle_interface:/home/qor/urrc_hanla/race_autonomy/ros2_ws/install/race_perception:/home/qor/urrc_hanla/race_autonomy/ros2_ws/install/imu_manager:/home/qor/urrc_hanla/race_autonomy/ros2_ws/install/camera_yolo_inference:/home/qor/urrc_hanla/race_autonomy/ros2_ws/install/camera_navigation:/home/qor/mcu_ws/install/mcu_serial_bridge:/opt/ros/jazzy DEBUGINFOD_URLS=https://debuginfod.ubuntu.com /usr/bin/cmake --build /home/qor/urrc_hanla/.build/race_interfaces -- -j24 -l24
[3.930s] DEBUG:colcon.colcon_core.event_handler.log_command:Invoked command in '/home/qor/urrc_hanla/.build/race_interfaces' returned '0': CMAKE_PREFIX_PATH=${CMAKE_PREFIX_PATH}:/home/qor/urrc_hanla/race_autonomy/ros2_ws/install/race_control:/home/qor/urrc_hanla/race_autonomy/ros2_ws/install/race_vehicle_interface:/home/qor/urrc_hanla/race_autonomy/ros2_ws/install/race_perception:/home/qor/urrc_hanla/race_autonomy/ros2_ws/install/imu_manager:/home/qor/urrc_hanla/race_autonomy/ros2_ws/install/camera_yolo_inference:/home/qor/urrc_hanla/race_autonomy/ros2_ws/install/camera_navigation:/home/qor/mcu_ws/install/mcu_serial_bridge:/opt/ros/jazzy DEBUGINFOD_URLS=https://debuginfod.ubuntu.com /usr/bin/cmake --build /home/qor/urrc_hanla/.build/race_interfaces -- -j24 -l24
[3.930s] DEBUG:colcon.colcon_core.event_handler.log_command:Invoking command in '/home/qor/urrc_hanla/.build/race_interfaces': CMAKE_PREFIX_PATH=${CMAKE_PREFIX_PATH}:/home/qor/urrc_hanla/race_autonomy/ros2_ws/install/race_control:/home/qor/urrc_hanla/race_autonomy/ros2_ws/install/race_vehicle_interface:/home/qor/urrc_hanla/race_autonomy/ros2_ws/install/race_perception:/home/qor/urrc_hanla/race_autonomy/ros2_ws/install/imu_manager:/home/qor/urrc_hanla/race_autonomy/ros2_ws/install/camera_yolo_inference:/home/qor/urrc_hanla/race_autonomy/ros2_ws/install/camera_navigation:/home/qor/mcu_ws/install/mcu_serial_bridge:/opt/ros/jazzy DEBUGINFOD_URLS=https://debuginfod.ubuntu.com /usr/bin/cmake --install /home/qor/urrc_hanla/.build/race_interfaces
[4.390s] Level 1:colcon.colcon_core.environment:create_environment_scripts_only(race_interfaces)
[4.390s] Level 1:colcon.colcon_core.environment:checking '/home/qor/urrc_hanla/.install/race_interfaces' for CMake module files
[4.390s] DEBUG:colcon.colcon_core.event_handler.log_command:Invoked command in '/home/qor/urrc_hanla/.build/race_interfaces' returned '0': CMAKE_PREFIX_PATH=${CMAKE_PREFIX_PATH}:/home/qor/urrc_hanla/race_autonomy/ros2_ws/install/race_control:/home/qor/urrc_hanla/race_autonomy/ros2_ws/install/race_vehicle_interface:/home/qor/urrc_hanla/race_autonomy/ros2_ws/install/race_perception:/home/qor/urrc_hanla/race_autonomy/ros2_ws/install/imu_manager:/home/qor/urrc_hanla/race_autonomy/ros2_ws/install/camera_yolo_inference:/home/qor/urrc_hanla/race_autonomy/ros2_ws/install/camera_navigation:/home/qor/mcu_ws/install/mcu_serial_bridge:/opt/ros/jazzy DEBUGINFOD_URLS=https://debuginfod.ubuntu.com /usr/bin/cmake --install /home/qor/urrc_hanla/.build/race_interfaces
[4.391s] Level 1:colcon.colcon_core.environment:checking '/home/qor/urrc_hanla/.install/race_interfaces' for CMake config files
[4.391s] Level 1:colcon.colcon_core.shell:create_environment_hook('race_interfaces', 'cmake_prefix_path')
[4.391s] INFO:colcon.colcon_core.shell:Creating environment hook '/home/qor/urrc_hanla/.install/race_interfaces/share/race_interfaces/hook/cmake_prefix_path.ps1'
[4.391s] INFO:colcon.colcon_core.shell:Creating environment descriptor '/home/qor/urrc_hanla/.install/race_interfaces/share/race_interfaces/hook/cmake_prefix_path.dsv'
[4.392s] INFO:colcon.colcon_core.shell:Creating environment hook '/home/qor/urrc_hanla/.install/race_interfaces/share/race_interfaces/hook/cmake_prefix_path.sh'
[4.392s] Level 1:colcon.colcon_core.environment:checking '/home/qor/urrc_hanla/.install/race_interfaces/lib'
[4.392s] Level 1:colcon.colcon_core.shell:create_environment_hook('race_interfaces', 'ld_library_path_lib')
[4.392s] INFO:colcon.colcon_core.shell:Creating environment hook '/home/qor/urrc_hanla/.install/race_interfaces/share/race_interfaces/hook/ld_library_path_lib.ps1'
[4.392s] INFO:colcon.colcon_core.shell:Creating environment descriptor '/home/qor/urrc_hanla/.install/race_interfaces/share/race_interfaces/hook/ld_library_path_lib.dsv'
[4.392s] INFO:colcon.colcon_core.shell:Creating environment hook '/home/qor/urrc_hanla/.install/race_interfaces/share/race_interfaces/hook/ld_library_path_lib.sh'
[4.392s] Level 1:colcon.colcon_core.environment:checking '/home/qor/urrc_hanla/.install/race_interfaces/bin'
[4.392s] Level 1:colcon.colcon_core.environment:checking '/home/qor/urrc_hanla/.install/race_interfaces/lib/pkgconfig/race_interfaces.pc'
[4.393s] Level 1:colcon.colcon_core.environment:checking '/home/qor/urrc_hanla/.install/race_interfaces/lib/python3.12/site-packages'
[4.393s] Level 1:colcon.colcon_core.shell:create_environment_hook('race_interfaces', 'pythonpath')
[4.393s] INFO:colcon.colcon_core.shell:Creating environment hook '/home/qor/urrc_hanla/.install/race_interfaces/share/race_interfaces/hook/pythonpath.ps1'
[4.393s] INFO:colcon.colcon_core.shell:Creating environment descriptor '/home/qor/urrc_hanla/.install/race_interfaces/share/race_interfaces/hook/pythonpath.dsv'
[4.393s] INFO:colcon.colcon_core.shell:Creating environment hook '/home/qor/urrc_hanla/.install/race_interfaces/share/race_interfaces/hook/pythonpath.sh'
[4.393s] Level 1:colcon.colcon_core.environment:checking '/home/qor/urrc_hanla/.install/race_interfaces/bin'
[4.394s] INFO:colcon.colcon_core.shell:Creating package script '/home/qor/urrc_hanla/.install/race_interfaces/share/race_interfaces/package.ps1'
[4.394s] INFO:colcon.colcon_core.shell:Creating package descriptor '/home/qor/urrc_hanla/.install/race_interfaces/share/race_interfaces/package.dsv'
[4.394s] INFO:colcon.colcon_core.shell:Creating package script '/home/qor/urrc_hanla/.install/race_interfaces/share/race_interfaces/package.sh'
[4.394s] INFO:colcon.colcon_core.shell:Creating package script '/home/qor/urrc_hanla/.install/race_interfaces/share/race_interfaces/package.bash'
[4.394s] INFO:colcon.colcon_core.shell:Creating package script '/home/qor/urrc_hanla/.install/race_interfaces/share/race_interfaces/package.zsh'
[4.395s] Level 1:colcon.colcon_core.environment:create_file_with_runtime_dependencies(/home/qor/urrc_hanla/.install/race_interfaces/share/colcon-core/packages/race_interfaces)
[4.395s] Level 1:colcon.colcon_core.environment:create_environment_scripts_only(race_interfaces)
[4.395s] Level 1:colcon.colcon_core.environment:checking '/home/qor/urrc_hanla/.install/race_interfaces' for CMake module files
[4.395s] Level 1:colcon.colcon_core.environment:checking '/home/qor/urrc_hanla/.install/race_interfaces' for CMake config files
[4.396s] Level 1:colcon.colcon_core.shell:create_environment_hook('race_interfaces', 'cmake_prefix_path')
[4.396s] INFO:colcon.colcon_core.shell:Creating environment hook '/home/qor/urrc_hanla/.install/race_interfaces/share/race_interfaces/hook/cmake_prefix_path.ps1'
[4.396s] INFO:colcon.colcon_core.shell:Creating environment descriptor '/home/qor/urrc_hanla/.install/race_interfaces/share/race_interfaces/hook/cmake_prefix_path.dsv'
[4.396s] INFO:colcon.colcon_core.shell:Creating environment hook '/home/qor/urrc_hanla/.install/race_interfaces/share/race_interfaces/hook/cmake_prefix_path.sh'
[4.397s] Level 1:colcon.colcon_core.environment:checking '/home/qor/urrc_hanla/.install/race_interfaces/lib'
[4.397s] Level 1:colcon.colcon_core.shell:create_environment_hook('race_interfaces', 'ld_library_path_lib')
[4.397s] INFO:colcon.colcon_core.shell:Creating environment hook '/home/qor/urrc_hanla/.install/race_interfaces/share/race_interfaces/hook/ld_library_path_lib.ps1'
[4.397s] INFO:colcon.colcon_core.shell:Creating environment descriptor '/home/qor/urrc_hanla/.install/race_interfaces/share/race_interfaces/hook/ld_library_path_lib.dsv'
[4.397s] INFO:colcon.colcon_core.shell:Creating environment hook '/home/qor/urrc_hanla/.install/race_interfaces/share/race_interfaces/hook/ld_library_path_lib.sh'
[4.397s] Level 1:colcon.colcon_core.environment:checking '/home/qor/urrc_hanla/.install/race_interfaces/bin'
[4.397s] Level 1:colcon.colcon_core.environment:checking '/home/qor/urrc_hanla/.install/race_interfaces/lib/pkgconfig/race_interfaces.pc'
[4.397s] Level 1:colcon.colcon_core.environment:checking '/home/qor/urrc_hanla/.install/race_interfaces/lib/python3.12/site-packages'
[4.397s] Level 1:colcon.colcon_core.shell:create_environment_hook('race_interfaces', 'pythonpath')
[4.397s] INFO:colcon.colcon_core.shell:Creating environment hook '/home/qor/urrc_hanla/.install/race_interfaces/share/race_interfaces/hook/pythonpath.ps1'
[4.398s] INFO:colcon.colcon_core.shell:Creating environment descriptor '/home/qor/urrc_hanla/.install/race_interfaces/share/race_interfaces/hook/pythonpath.dsv'
[4.398s] INFO:colcon.colcon_core.shell:Creating environment hook '/home/qor/urrc_hanla/.install/race_interfaces/share/race_interfaces/hook/pythonpath.sh'
[4.398s] Level 1:colcon.colcon_core.environment:checking '/home/qor/urrc_hanla/.install/race_interfaces/bin'
[4.398s] INFO:colcon.colcon_core.shell:Creating package script '/home/qor/urrc_hanla/.install/race_interfaces/share/race_interfaces/package.ps1'
[4.398s] INFO:colcon.colcon_core.shell:Creating package descriptor '/home/qor/urrc_hanla/.install/race_interfaces/share/race_interfaces/package.dsv'
[4.399s] INFO:colcon.colcon_core.shell:Creating package script '/home/qor/urrc_hanla/.install/race_interfaces/share/race_interfaces/package.sh'
[4.399s] INFO:colcon.colcon_core.shell:Creating package script '/home/qor/urrc_hanla/.install/race_interfaces/share/race_interfaces/package.bash'
[4.399s] INFO:colcon.colcon_core.shell:Creating package script '/home/qor/urrc_hanla/.install/race_interfaces/share/race_interfaces/package.zsh'
[4.399s] Level 1:colcon.colcon_core.environment:create_file_with_runtime_dependencies(/home/qor/urrc_hanla/.install/race_interfaces/share/colcon-core/packages/race_interfaces)
[4.399s] INFO:colcon.colcon_ros.task.ament_python.build:Building ROS package in '/home/qor/urrc_hanla/race_autonomy/ros2_ws/src/race_control' with build type 'ament_python'
[4.399s] Level 1:colcon.colcon_core.shell:create_environment_hook('race_control', 'ament_prefix_path')
[4.400s] INFO:colcon.colcon_core.shell:Creating environment hook '/home/qor/urrc_hanla/.install/race_control/share/race_control/hook/ament_prefix_path.ps1'
[4.400s] INFO:colcon.colcon_core.shell:Creating environment descriptor '/home/qor/urrc_hanla/.install/race_control/share/race_control/hook/ament_prefix_path.dsv'
[4.400s] INFO:colcon.colcon_core.shell:Creating environment hook '/home/qor/urrc_hanla/.install/race_control/share/race_control/hook/ament_prefix_path.sh'
[4.400s] INFO:colcon.colcon_core.shell:Skip shell extension 'powershell' for command environment: Not usable outside of PowerShell
[4.400s] DEBUG:colcon.colcon_core.shell:Skip shell extension 'dsv' for command environment
[4.520s] INFO:colcon.colcon_core.task.python.build:Building Python package in '/home/qor/urrc_hanla/race_autonomy/ros2_ws/src/race_control'
[4.521s] INFO:colcon.colcon_core.shell:Skip shell extension 'powershell' for command environment: Not usable outside of PowerShell
[4.521s] DEBUG:colcon.colcon_core.shell:Skip shell extension 'dsv' for command environment
[4.750s] DEBUG:colcon.colcon_core.task.python.build:Available setuptools commands: build_ext, install_scripts, update_catalog, build_clib, setopt, egg_info, rotate, clean, easy_install, extract_messages, alias, install_lib, check, develop, bdist_wheel, install_egg_info, saveopts, bdist_egg, dist_info, build_py, build, sdist, bdist_dumb, install_data, install_headers, compile_catalog, init_catalog, install, bdist, symlink_data, build_scripts, bdist_rpm, editable_wheel
[4.872s] DEBUG:colcon.colcon_core.task.python.build:Available setuptools 'develop' options: --install-dir, --verbose, --no-user-cfg, --user, --no-deps, --index-url, --quiet, --help, --prefix
[4.872s] INFO:colcon.colcon_core.task.python.build:No '--editable' capability in setuptools, falling back to full install
[4.873s] DEBUG:colcon.colcon_core.event_handler.log_command:Invoking command in '/home/qor/urrc_hanla/race_autonomy/ros2_ws/src/race_control': AMENT_PREFIX_PATH=/home/qor/urrc_hanla/.install/race_vehicle_interface:/home/qor/urrc_hanla/.install/race_perception:/home/qor/urrc_hanla/.install/race_interfaces:/home/qor/urrc_hanla/.install/gazebo_car_description:${AMENT_PREFIX_PATH} CMAKE_PREFIX_PATH=/home/qor/urrc_hanla/.install/race_interfaces:/home/qor/urrc_hanla/.install/gazebo_car_description:${CMAKE_PREFIX_PATH} DEBUGINFOD_URLS=https://debuginfod.ubuntu.com LD_LIBRARY_PATH=/home/qor/urrc_hanla/.install/race_interfaces/lib:${LD_LIBRARY_PATH} PYTHONPATH=/home/qor/urrc_hanla/.build/race_control/prefix_override:/usr/lib/python3/dist-packages/colcon_core/task/python/colcon_distutils_commands:/home/qor/urrc_hanla/.install/race_control/lib/python3.12/site-packages:/home/qor/urrc_hanla/.install/race_vehicle_interface/lib/python3.12/site-packages:/home/qor/urrc_hanla/.install/race_perception/lib/python3.12/site-packages:/home/qor/urrc_hanla/.install/race_interfaces/lib/python3.12/site-packages:${PYTHONPATH} /usr/bin/python3 -W ignore:setup.py install is deprecated -W ignore:easy_install command is deprecated setup.py egg_info --egg-base ../../../../.build/race_control build --build-base /home/qor/urrc_hanla/.build/race_control/build install --record /home/qor/urrc_hanla/.build/race_control/install.log --install-scripts $base/lib/race_control --single-version-externally-managed install_data
[5.097s] Level 1:colcon.colcon_core.environment:checking '/home/qor/urrc_hanla/.install/race_control' for CMake module files
[5.097s] Level 1:colcon.colcon_core.environment:checking '/home/qor/urrc_hanla/.install/race_control' for CMake config files
[5.098s] DEBUG:colcon.colcon_core.event_handler.log_command:Invoked command in '/home/qor/urrc_hanla/race_autonomy/ros2_ws/src/race_control' returned '0': AMENT_PREFIX_PATH=/home/qor/urrc_hanla/.install/race_vehicle_interface:/home/qor/urrc_hanla/.install/race_perception:/home/qor/urrc_hanla/.install/race_interfaces:/home/qor/urrc_hanla/.install/gazebo_car_description:${AMENT_PREFIX_PATH} CMAKE_PREFIX_PATH=/home/qor/urrc_hanla/.install/race_interfaces:/home/qor/urrc_hanla/.install/gazebo_car_description:${CMAKE_PREFIX_PATH} DEBUGINFOD_URLS=https://debuginfod.ubuntu.com LD_LIBRARY_PATH=/home/qor/urrc_hanla/.install/race_interfaces/lib:${LD_LIBRARY_PATH} PYTHONPATH=/home/qor/urrc_hanla/.build/race_control/prefix_override:/usr/lib/python3/dist-packages/colcon_core/task/python/colcon_distutils_commands:/home/qor/urrc_hanla/.install/race_control/lib/python3.12/site-packages:/home/qor/urrc_hanla/.install/race_vehicle_interface/lib/python3.12/site-packages:/home/qor/urrc_hanla/.install/race_perception/lib/python3.12/site-packages:/home/qor/urrc_hanla/.install/race_interfaces/lib/python3.12/site-packages:${PYTHONPATH} /usr/bin/python3 -W ignore:setup.py install is deprecated -W ignore:easy_install command is deprecated setup.py egg_info --egg-base ../../../../.build/race_control build --build-base /home/qor/urrc_hanla/.build/race_control/build install --record /home/qor/urrc_hanla/.build/race_control/install.log --install-scripts $base/lib/race_control --single-version-externally-managed install_data
[5.098s] Level 1:colcon.colcon_core.environment:checking '/home/qor/urrc_hanla/.install/race_control/lib'
[5.098s] Level 1:colcon.colcon_core.environment:checking '/home/qor/urrc_hanla/.install/race_control/bin'
[5.098s] Level 1:colcon.colcon_core.environment:checking '/home/qor/urrc_hanla/.install/race_control/lib/pkgconfig/race_control.pc'
[5.098s] Level 1:colcon.colcon_core.environment:checking '/home/qor/urrc_hanla/.install/race_control/lib/python3.12/site-packages'
[5.098s] Level 1:colcon.colcon_core.shell:create_environment_hook('race_control', 'pythonpath')
[5.098s] INFO:colcon.colcon_core.shell:Creating environment hook '/home/qor/urrc_hanla/.install/race_control/share/race_control/hook/pythonpath.ps1'
[5.098s] INFO:colcon.colcon_core.shell:Creating environment descriptor '/home/qor/urrc_hanla/.install/race_control/share/race_control/hook/pythonpath.dsv'
[5.098s] INFO:colcon.colcon_core.shell:Creating environment hook '/home/qor/urrc_hanla/.install/race_control/share/race_control/hook/pythonpath.sh'
[5.099s] Level 1:colcon.colcon_core.environment:checking '/home/qor/urrc_hanla/.install/race_control/bin'
[5.099s] Level 1:colcon.colcon_core.environment:create_environment_scripts_only(race_control)
[5.099s] INFO:colcon.colcon_core.shell:Creating package script '/home/qor/urrc_hanla/.install/race_control/share/race_control/package.ps1'
[5.099s] INFO:colcon.colcon_core.shell:Creating package descriptor '/home/qor/urrc_hanla/.install/race_control/share/race_control/package.dsv'
[5.099s] INFO:colcon.colcon_core.shell:Creating package script '/home/qor/urrc_hanla/.install/race_control/share/race_control/package.sh'
[5.100s] INFO:colcon.colcon_core.shell:Creating package script '/home/qor/urrc_hanla/.install/race_control/share/race_control/package.bash'
[5.100s] INFO:colcon.colcon_core.shell:Creating package script '/home/qor/urrc_hanla/.install/race_control/share/race_control/package.zsh'
[5.100s] Level 1:colcon.colcon_core.environment:create_file_with_runtime_dependencies(/home/qor/urrc_hanla/.install/race_control/share/colcon-core/packages/race_control)
[5.100s] DEBUG:colcon.colcon_parallel_executor.executor.parallel:closing loop
[5.100s] DEBUG:colcon.colcon_parallel_executor.executor.parallel:loop closed
[5.100s] DEBUG:colcon.colcon_parallel_executor.executor.parallel:run_until_complete finished with '0'
[5.100s] DEBUG:colcon.colcon_core.event_reactor:joining thread
[5.103s] INFO:colcon.colcon_core.plugin_system:Skipping extension 'colcon_notification.desktop_notification.terminal_notifier': Not used on non-Darwin systems
[5.103s] INFO:colcon.colcon_core.plugin_system:Skipping extension 'colcon_notification.desktop_notification.win32': Not used on non-Windows systems
[5.103s] INFO:colcon.colcon_notification.desktop_notification:Sending desktop notification using 'notify2'
[5.103s] DEBUG:colcon.colcon_notification.desktop_notification.notify2:Failed to initialize notify2: org.freedesktop.DBus.Error.AccessDenied: Failed to connect to socket /run/user/1000/bus: Operation not permitted
[5.103s] DEBUG:colcon.colcon_core.event_reactor:joined thread
[5.104s] INFO:colcon.colcon_core.shell:Creating prefix script '/home/qor/urrc_hanla/.install/local_setup.ps1'
[5.104s] INFO:colcon.colcon_core.shell:Creating prefix util module '/home/qor/urrc_hanla/.install/_local_setup_util_ps1.py'
[5.104s] INFO:colcon.colcon_core.shell:Creating prefix chain script '/home/qor/urrc_hanla/.install/setup.ps1'
[5.105s] INFO:colcon.colcon_core.shell:Creating prefix script '/home/qor/urrc_hanla/.install/local_setup.sh'
[5.105s] INFO:colcon.colcon_core.shell:Creating prefix util module '/home/qor/urrc_hanla/.install/_local_setup_util_sh.py'
[5.105s] INFO:colcon.colcon_core.shell:Creating prefix chain script '/home/qor/urrc_hanla/.install/setup.sh'
[5.105s] INFO:colcon.colcon_core.shell:Creating prefix script '/home/qor/urrc_hanla/.install/local_setup.bash'
[5.106s] INFO:colcon.colcon_core.shell:Creating prefix chain script '/home/qor/urrc_hanla/.install/setup.bash'
[5.106s] INFO:colcon.colcon_core.shell:Creating prefix script '/home/qor/urrc_hanla/.install/local_setup.zsh'
[5.106s] INFO:colcon.colcon_core.shell:Creating prefix chain script '/home/qor/urrc_hanla/.install/setup.zsh'
